index,URL,domain,raw_text,raw_text_before,furniture_extr,property_extr,name_extr
0,https://www.factorybuys.com.au/products/euro-top-mattress-king,www.factorybuys.com.au,euro top mattress king,,mattress,"['euro top', 'king']",
1,https://dunlin.com.au/products/beadlight-cirrus,dunlin.com.au,beadlight cirrus,,,[],beadlight cirrus
2,https://themodern.net.au/products/hamar-plant-stand-ash,themodern.net.au,hamar plant stand ash,,plant stand,['ash'],hamar
3,https://furniturefetish.com.au/products/oslo-office-chair-white,furniturefetish.com.au,oslo office chair white,,office chair,['white'],oslo
4,https://hemisphereliving.com.au/products/,hemisphereliving.com.au,,,,[],
5,https://home-buy.com.au/products/bridger-pendant-larger-lamp-metal-brass,home-buy.com.au,bridger pendant larger lamp metal brass,,pendant lamp,"['larger', 'metal', 'brass']",bridger
6,https://interiorsonline.com.au/products/interiors-online-gift-card,interiorsonline.com.au,interiors online gift card,,,[],
7,https://beckurbanfurniture.com.au/products/page/2/,beckurbanfurniture.com.au,page/2/,,,[],
8,https://livingedge.com.au/products/tables/dining,livingedge.com.au,tables/dining,,dining table,[],
9,https://edenliving.online/collections/summerloving/products/nice-lounge-1,edenliving.online,nice lounge 1,collections/summerloving/,lounge,[],nice
10,https://www.ourfurniturewarehouse.com.au/products/athens-3pce-lounge-includes-2x-armless-3-seater-and-corner-ottoman-in-grey-storm-fabric?_pos=1&_sid=9f9ca4320&_ss=r,www.ourfurniturewarehouse.com.au,athens 3pce lounge includes 2x armless 3 seater and corner ottoman in grey storm fabric,,"['3 seater, corner ottoman']","['armless', 'grey storm fabric']",athens 3pce lounge
11,https://cane-line.co.uk/collections/news-2020/products/breeze-sunbed-5569,cane-line.co.uk,breeze sunbed 5569,collections/news 2020/,sunbed,[],breeze 5569
12,https://haute-living.com/products/beam-desk,haute-living.com,beam desk,,desk,[],beam
13,https://www.knoll.com/design-plan/products/by-designer/knoll,www.knoll.com,by designer/knoll,design plan/,,['designer'],knoll
14,https://www.balirepublic.com.au/products/fabric-cleaner,www.balirepublic.com.au,fabric cleaner,,,[],
15,https://vastinterior.com.au/products/samson-daybed-single-2,vastinterior.com.au,samson daybed single 2,,daybed,"['single', '2']",samson
16,https://www.hudsonfurniture.com.au/products/string-weave-timber-stool,www.hudsonfurniture.com.au,string weave timber stool,,stool,"['string weave', 'timber']",
17,https://premiumpatio.com.au/products/outdoor-tables/page/3/,premiumpatio.com.au,outdoor tables/page/3/,,table,['outdoor'],
18,https://dhfonline.com/products/gift-card,dhfonline.com,gift card,,,[],
19,https://furnish123watertown.com/products/,furnish123watertown.com,,,,[],
20,https://www.tandemarbor.com/products/kaiser-box-bed-blush-plush-velvet,www.tandemarbor.com,kaiser box bed blush plush velvet,,box bed,['blush plush velvet'],kaiser
21,https://www.perchfurniture.com/products/hoyt-chair,www.perchfurniture.com,hoyt chair,,chair,[],hoyt
22,http://www.vawayside.net/store/products/tag/beds,www.vawayside.net,tag/beds,store/,beds,[],
23,https://curiousgrace.com.au/products/cleo-desk-lamp,curiousgrace.com.au,cleo desk lamp,,desk lamp,[],cleo
24,https://modshop1.com/collections/amalfi/products/amalfi-3-door-credenza,modshop1.com,amalfi 3 door credenza,collections/amalfi/,credenza,['3 door'],amalfi
25,https://www.scandesign.com/products/pavia-sectional-ivory,www.scandesign.com,pavia sectional ivory,,sectional,['ivory'],pavia
26,https://www.sofamania.com/products/carl-victorian-inspired-velvet-button-detail-vanity-accent-stool,www.sofamania.com,carl victorian inspired velvet button detail vanity accent stool,,vanity accent stool,"['victorian inspired', 'velvet button detail']",carl
27,https://www.fentonandfenton.com.au/products/gift-card&media=http://cdn.shopify.com/s/files/1/1909/9637/products/GiftVouchers_Product_1024x1024.jpg&description=Gift%20Card%20%23Art-Lover%20%23Birthday%20%23Colour-Lover,www.fentonandfenton.com.au,gift card media GiftVouchers,//cdn.shopify.com/s/files/1/1909/9637/ ,,[],
28,https://4-chairs.com/products/mason-chair,4-chairs.com,mason chair,,chair,[],mason
29,https://www.theinside.com/products/x-bench-onyx-austin-stripe-by-old-world-weavers/PTM_XBench_OnyxAustinStripeByOldWorldWeavers,www.theinside.com,x bench onyx austin stripe by old world weavers/PTM,,bench,"['onyx', 'austin stripe']",x old world weavers/PTM
30,https://stationfurniture.store/products/milano,stationfurniture.store,milano,,,[],milano
31,https://pinchdesign.com/products/yves-desk,pinchdesign.com,yves desk,,desk,[],yves
32,https://www.do-shop.com/products/gift-card,www.do-shop.com,gift card,,,[],
33,https://claytongrayhome.com/products/palecek-coco-ruffle-mirror,claytongrayhome.com,palecek coco ruffle mirror,,mirror,['coco ruffle'],palecek
34,https://dfohome.com/products/patio-furniture/swings/all-swings,dfohome.com,patio furniture/swings/all swings,,swing,['patio furniture'],
35,https://acmeshelving.com/collections/signs/products/sale,acmeshelving.com,sale,collections/signs/,,[],
36,https://www.kmpfurniture.com/fire_collection/products/beds_80.html,www.kmpfurniture.com,beds,collection/,beds,[],
37,https://www.jseitz.com/products/buddha,www.jseitz.com,buddha,,,[],
38,https://www.furnitureworldgalleries.com/products/,www.furnitureworldgalleries.com,,,,[],
39,https://www.homekoncepts.com/products/furniture/tables/end-tables/,www.homekoncepts.com,furniture/tables/end tables/,,end table,[],
40,https://cityfurnitureshop.com/collections/greenington/products/azara-bed,cityfurnitureshop.com,azara bed,collections/greenington/,bed,[],azara
41,https://www.theguestroomfurniture.com/products/,www.theguestroomfurniture.com,,,,[],
42,https://www.danishinspirations.com/products/products/bedroom/page/3/,www.danishinspirations.com,products/bedroom/page/3/,,bedroom,[],
43,https://columbineshowroom.com/products/,columbineshowroom.com,,,,[],
44,https://emfurn.com/products/aaron-sofa,emfurn.com,aaron sofa,,sofa,[],aaron
45,https://fmvegas.com/products/carlo-dresser,fmvegas.com,carlo dresser,,dresser,[],carlo
46,https://nicoyafurniture.com.au/products/playa-bowl,nicoyafurniture.com.au,playa bowl,,bowl,[],playa
47,https://galvinbrothers.co.uk/products/alfandbud,galvinbrothers.co.uk,alfandbud,,,[],
48,https://tyfinefurniture.com/products/enso-platform-bed,tyfinefurniture.com,enso platform bed,,platform bed,[],enso
49,https://24estyle.com/products/eliza-fan,24estyle.com,eliza fan,,fan,[],eliza
50,https://shopspencerfurnituresiouxfalls.com/products/glass-lamp,shopspencerfurnituresiouxfalls.com,glass lamp,,lamp,['glass'],
51,https://bryantscountrystore.com/products/deli-sandwich-carryout,bryantscountrystore.com,deli sandwich carryout,,,[],
52,https://vincentdesign.com.au/products/spaltekanden-big-white,vincentdesign.com.au,spaltekanden big white,,spaltekanden,"['big', 'white']",
53,https://magnolialane.biz/products/anika-cushion,magnolialane.biz,anika cushion,,cushion,[],anika
54,https://blupeter.com.au/products/tulip-object,blupeter.com.au,tulip object,,object,[],tulip
55,https://www.cranmorehome.com.au/products/gift-card,www.cranmorehome.com.au,gift card,,,[],
56,https://www.vavoom.com.au/products/ebony-chest,www.vavoom.com.au,ebony chest,,chest,['ebony'],
57,https://www.goodwoodfurniture.com.au/products/wardrobes/colonial-robe/,www.goodwoodfurniture.com.au,wardrobes/colonial robe/,,wardrobe,['colonial'],robe
58,https://valentinesfurniture.com.au/products/,valentinesfurniture.com.au,,,,[],
59,https://www.loungesplus.com.au/products/baird-fabric-lounge-package,www.loungesplus.com.au,baird fabric lounge package,,lounge,['fabric'],baird
60,https://www.yellowleafhammocks.com/products/hammock-gift-card,www.yellowleafhammocks.com,hammock gift card,,,[],
61,https://asplundstore.se/products/fish-bricka,asplundstore.se,fish bricka,,,[],
62,https://distinctive-interiors.com/products/,distinctive-interiors.com,,,,[],
63,https://runyonsfinefurniture.com/products/alf-bar-stool,runyonsfinefurniture.com,alf bar stool,,bar stool,[],alf
64,https://www.comfortfurniture.com.sg/sale/products/office,www.comfortfurniture.com.sg,office,sale/,,['office'],
65,https://karladubois.com/products/wooster-convertible-crib,karladubois.com,wooster convertible crib,,convertible crib,[],wooster
66,https://brownsquirrelfurniture.com/furniture/rest-bedrooms/rest-beds/sleep-queen/products/laurel-sleigh/,brownsquirrelfurniture.com,laurel sleigh/,furniture/rest bedrooms/rest beds/sleep queen/,sleigh,[],laurel
67,https://viesso.com/products/haru-bed,viesso.com,haru bed,,bed,[],haru
68,https://floydhome.com/products/the-floyd-hat,floydhome.com,the floyd hat,,,[],
69,https://www.mybudgetfurniture.com/products/3pc-sectional,www.mybudgetfurniture.com,3pc sectional,,sectional,['3pc'],
70,https://www.fiveelementsfurniture.com/collections/sola-office-collection/products/sola-lift-desk,www.fiveelementsfurniture.com,sola lift desk,collections/sola office collection/,desk,['lift'],sola
71,https://www.fads.co.uk/products/living/sofas/sofa-beds/,www.fads.co.uk,living/sofas/sofa beds/,,sofa beds,['living'],
72,https://test-danish-inspirations.pantheonsite.io/products/products/bedroom/page/3/,test-danish-inspirations.pantheonsite.io,products/bedroom/page/3/,,bedroom,[],
73,https://www.hipvan.com/products/sleep-mattress?ref=nav_dropdown,www.hipvan.com,sleep mattress,,mattress,['sleep'],
74,https://dev-danish-inspirations.pantheonsite.io/products/products/bedroom/page/3/,dev-danish-inspirations.pantheonsite.io,products/bedroom/page/3/,,bedroom,[],
75,https://houseofhollingsworthblog.com/products/locker,houseofhollingsworthblog.com,locker,,locker,[],
76,https://www.wardrobe-bunk-bed-sofa.uk/products/wardrobe-ava-4-3,www.wardrobe-bunk-bed-sofa.uk,wardrobe ava 4 3,,wardrobe,['4 3'],ava
77,https://dwell.co.uk/products/sleep/type/bed/,dwell.co.uk,sleep/type/bed/,,bed,['sleep'],
78,https://www.hopewells.co.uk/products/living-dining/sofas-chairs/tetrad/tetrad-patna-chair,www.hopewells.co.uk,living dining/sofas chairs/tetrad/tetrad patna chair,,chair,['tetrad'],tetrad patna
79,https://kokocollective.com.au/products/esme-natural-rattan-day-bed,kokocollective.com.au,esme natural rattan day bed,,day bed,['natural rattan'],esme
80,https://www.timothyoulton.com/products/living/sectional-sofas,www.timothyoulton.com,living/sectional sofas,,sectional sofas,[],
81,https://www.warmnordic.com/global/products/news,www.warmnordic.com,news,global/,,[],
82,https://www.royaloakfurniture.co.uk/products/pop-bench,www.royaloakfurniture.co.uk,pop bench,,bench,[],pop
83,https://mulamu.com/products/membership,mulamu.com,membership,,,[],
84,http://www.genesisfurniturelv.com/products/,www.genesisfurniturelv.com,,,,[],
85,https://daufurniture.com/products/style/transitional/dana-upholstered-bed/,daufurniture.com,style/transitional/dana upholstered bed/,,upholstered bed,['transitional'],dana
86,https://www.waynesfinefurnitureandbedding.com/search/products/?s=power+recliners&pp=120,www.waynesfinefurnitureandbedding.com,,search/,,[],
87,https://theodores.com/products/,theodores.com,,,,[],
88,https://www.theoakfurnitureshop.com/products/country-trend-solid-oak-tv-stand-51/,www.theoakfurnitureshop.com,country trend solid oak tv stand 51/,,tv stand,['solid oak'],country trend
89,https://totalpatioaccessories.com/products/product07,totalpatioaccessories.com,product07,,,[],
90,https://www.groensfinefurniture.com/products/Miscellaneous/misc/394554.html,www.groensfinefurniture.com,Miscellaneous/misc/394554.html,,,[],
91,https://yesterdaystreefurniture.com/products/gifts/,yesterdaystreefurniture.com,gifts/,,,[],
92,https://www.jensen-lewis.com/products/guardsman-gold-complete-plan,www.jensen-lewis.com,guardsman gold complete plan,,,[],
93,https://www.popandscott.com/products/raffia-sun,www.popandscott.com,raffia sun,,,[],
94,https://shophorne.com/products/sarpaneva-cast-iron-casserole,shophorne.com,sarpaneva cast iron casserole,,casserole,['cast iron'],sarpaneva
95,https://cultdesign.co.nz/products/molloy-chair,cultdesign.co.nz,molloy chair,,chair,[],molloy
96,https://www.gloster.com/en/products/materials/teak,www.gloster.com,materials/teak,en/,,['teak'],
97,https://thebrick.com/products/tacoma-chest,thebrick.com,tacoma chest,,chest,[],tacoma
98,https://capsulehome.com/products/frey-sofa'%3EFrey%20Sofa%3C/a%3E%20and%20I%20wanted%20to%20share%20it%20with%20you,capsulehome.com,frey sofa,,sofa,[],frey
99,https://www.altamodafurniture.com/products/Woodworks/ca_ww/3701npt.html,www.altamodafurniture.com,Woodworks/ca,,,['woodworks'],ca
100,https://www.normann-copenhagen.com/en/en/products/tivoli/lamps/toli-lamp--20-cm-eu-5005028,www.normann-copenhagen.com,tivoli/lamps/toli lamp 20 cm eu 5005028,en/en/,lamp,"['20 cm', 'eu 5005028']",tivoli toli
101,https://www.gowfb.com/products/patio-set-covers,www.gowfb.com,patio set covers,,patio set,['covers'],
102,https://allwoodfurn.com/products/group-119-rustic-two-tone-gathering-table-and-barstools,allwoodfurn.com,group 119 rustic two tone gathering table and barstools,,"['gathering table, barstools']","['rustic', 'two tone']",group 119
103,https://decorum-shop.co.uk/products/gift-card-10-25-50-100,decorum-shop.co.uk,gift card 10 25 50 100,,,[],
104,https://lostine.com/products/jack-chairs,lostine.com,jack chairs,,chair,[],jack
105,https://designkollective.com/stores/woodlandcreek/products/76623,designkollective.com,76623,stores/woodlandcreek/,,[],
106,https://www.somedaydesigns.co.uk/products/muuto-tip-lamp?variant=513748041743,www.somedaydesigns.co.uk,muuto tip lamp,,lamp,[],muuto tip
107,https://www.mainecottage.com/collections/workspace/products/big-cay-desk,www.mainecottage.com,big cay desk,collections/workspace/,desk,['big'],cay
108,https://pawleysislandhammocks.com/products/swings/rope,pawleysislandhammocks.com,swings/rope,,swing,['rope'],
109,https://homeresource.com/products/series-7-chair&media=http://cdn.shopify.com/s/files/1/1170/0268/products/Series-7-ann-1423601841_1024x1024.jpeg&description=Series%207%20Chair%20%23Chairs,homeresource.com,series 7 chair media Series 7 ann 1423601841,//cdn.shopify.com/s/files/1/1170/0268/ ,chair,['media'],series 7
110,https://www.antoninimodernliving.com/products/,www.antoninimodernliving.com,,,,[],
111,https://www.shorehousefurniture.com/products/Rowe-Furniture/rowe/c396sect.html,www.shorehousefurniture.com,Rowe Furniture/rowe/c396sect.html,,,[],Rowe Furniture
112,https://www.jandjtreasuretrove.net/apps/webstore/products/show/8098794,www.jandjtreasuretrove.net,show/8098794,apps/webstore/,,[],
113,https://www.idcmn.com/products/sun-company-861013-queen-bed&source=webclient,www.idcmn.com,sun company 861013 queen bed webclient,,bed,['queen'],sun company 861013
114,https://calligarisla.com/products/living/sofas/metro/minimal-and-contemporary-modular-sofa,calligarisla.com,living/sofas/metro/minimal and contemporary modular sofa,,modular sofa,"['minimal', 'contemporary']",metro
115,https://stealasofa.com/products/isla-gray-fabric-sectional-sofa-4249,stealasofa.com,isla gray fabric sectional sofa 4249,,sectional sofa,['gray fabric'],isla 4249
116,https://urbanfurnishing.net/products/5a-rio,urbanfurnishing.net,5a rio,,,[],
117,https://vancouverwoodworks.com/products/aamerica-wslcb5091,vancouverwoodworks.com,aamerica wslcb5091,,,[],aamerica wslcb5091
118,https://www.kannoa.com/products/lipa-barstool,www.kannoa.com,lipa barstool,,barstool,[],lipa
119,https://furnitureoutletnc.com/products/deluxe-full-mattress,furnitureoutletnc.com,deluxe full mattress,,mattress,"['deluxe', 'full']",
120,https://www.furnituremarts.com/products/gallery-home.aspx,www.furnituremarts.com,gallery home.aspx,,,[],
121,https://osmen.com.au/products/customize-cushion,osmen.com.au,customize cushion,,,['customize cushion'],
122,https://www.stevenshellliving.com/products/piccolo-jug,www.stevenshellliving.com,piccolo jug,,jug,[],piccolo
123,https://www.thefurnituremegastore.co.uk/products/noir-80x180-cm-wall-mirror,www.thefurnituremegastore.co.uk,noir 80x180 cm wall mirror,,wall mirror,['80x180 cm'],noir
124,https://contempoconcepts.com/products/winndom-berkeley-iii?_pos=1&_sid=362e09ca2&_ss=r,contempoconcepts.com,winndom berkeley iii,,,[],winndom berkeley iii
125,https://eurolivingfurniture.com/products/746-writing-desk,eurolivingfurniture.com,746 writing desk,,writing desk,[],746
126,https://www.efurnitureny.com/products/wardrobes-and-closets/wardrobe-closet-and-armoires,www.efurnitureny.com,wardrobes and closets/wardrobe closet and armoires,,"['wardrobe closet', 'armoires']",[],
127,https://sarahellison.com.au/collections/all/products/muse,sarahellison.com.au,muse,collections/all/,,[],
128,https://oakspecialists.com/products/bedroom/beds/63/,oakspecialists.com,bedroom/beds/63/,,bed,['bedroom'],
129,https://midinmod.com/products/vendetta-bookcase%20via%20@https://twitter.com/midinmod?lang=en,midinmod.com,vendetta bookcase 20via 20,,bookcase,['20via 20'],vendetta
130,https://www.unclaimed-furniture.com/products/Standard-Furniture/stand/11406.html,www.unclaimed-furniture.com,Standard Furniture/stand/11406.html,,stand,[],Standard Furniture
131,http://www.kis-lv.com/Products/products.html,www.kis-lv.com,,,,[],
132,https://wayborn.com/products/,wayborn.com,,,,[],
133,https://www.bovafurniture.com/products/office/desks/page/2/,www.bovafurniture.com,office/desks/page/2/,,desk,['office'],
134,https://hauslondon.com/products/gift-card,hauslondon.com,gift card,,,[],
135,https://allworldfurniture.com/products/sallie-stool&via=http://www.twitter.com/alworldfurnitur&text=Euro%20Style%20Sallie%20Accent%20Stool,allworldfurniture.com,sallie stool via,,stool,[],sallie via
136,https://decorium.us/products/costa-adjustable-barstool,decorium.us,costa adjustable barstool,,barstool,['adjustable'],costa
137,https://www.softsquare.com/collections/usm-haller/products/usm-haller-media-o1,www.softsquare.com,usm haller media o1,collections/usm haller/,media,[],usm haller
138,https://www.rockymountain.furniture/products/jofran/15003.html,www.rockymountain.furniture,jofran/15003.html,,,[],
139,https://www.statewidefurniture.com/products/Ashley-Furniture/ashley/1010494.html,www.statewidefurniture.com,Ashley Furniture/ashley/1010494.html,,,[],Ashley Furniture
140,https://huckandpeck.com/products/gift-card,huckandpeck.com,gift card,,,[],
141,https://najarianfurniture.com/products/roma-sofa-pebble,najarianfurniture.com,roma sofa pebble,,sofa,['pebble'],roma
142,https://qualitywoods.com/products/qw-amish-mckee-6pc-dining-set?variant=31793708105810,qualitywoods.com,qw amish mckee 6pc dining set,,dining set,['6pc'],amish mckee
143,https://mybossfurniture.com/products/tullis-2&via=&text=Tullis%20Cream/Navy/Gray%20Medium%20Rug,mybossfurniture.com,tullis 2 via text Tullis 20Cream/Navy/Gray 20Medium 20Rug,,rug,"['cream/navy/gray', 'medium']",tullis 2
144,https://www.furnish123quadcities.com/search/products/?s=36505,www.furnish123quadcities.com,,search/,,[],
145,https://americanbackyard.com/products/gift-card,americanbackyard.com,gift card,,,[],
146,https://www.roccityfurniture.com/products/abney-4pc-set/,www.roccityfurniture.com,abney 4pc set/,,4pc set,[],abney
147,https://www.sutherlandfurniture.com/collections/quick-ship/products/franck-sofa-quickship,www.sutherlandfurniture.com,franck sofa quickship,collections/quick ship/,sofa,['quickship'],franck
148,https://craftassociatesfurniture.com/products/craft-associates-wool-lounge-chairs-1519,craftassociatesfurniture.com,craft associates wool lounge chairs 1519,,lounge chairs,['wool'],craft associates
149,https://huset-shop.com/products/gift-card,huset-shop.com,gift card,,,[],
150,https://www.scotmeachamwoodhome.com/products/hodges-tweed,www.scotmeachamwoodhome.com,hodges tweed,,,[],
151,https://www.espasso.com/products/tearsheet/1815,www.espasso.com,tearsheet/1815,,,[],
152,https://sika-design.com/products/belladonna-nature,sika-design.com,belladonna nature,,,[],
153,https://www.dimshome.com/products/eave-desk,www.dimshome.com,eave desk,,desk,[],eave
154,https://thebellacottage.com/products/barrel-bar,thebellacottage.com,barrel bar,,bar,['barrel'],
155,https://www.skandium.com/products/ch24-soft,www.skandium.com,ch24 soft,,,['soft'],ch24
156,https://www.woodwaves.com/products/gray-floating-tv-stand-entertainment-center-eco-geo-lakewood,www.woodwaves.com,gray floating tv stand entertainment center eco geo lakewood,,tv stand,"['gray', 'floating', 'entertainment center']",eco geo lakewood
157,https://sjotime.com/products/notch-desk,sjotime.com,notch desk,,desk,[],notch
158,https://www.puji.com/www.puji.com/products/urban-industrial-bistro-dining-table,www.puji.com,urban industrial bistro dining table,,dining table,['urban industrial'],bistro
159,https://littlepartners.com/products/bentwood,littlepartners.com,bentwood,,,['bentwood'],
160,https://jeremiahcollection.com/products/record-storage-console,jeremiahcollection.com,record storage console,,storage console,['record'],
161,https://www.shoptorious.com/products/nova-domus-jagger-modern-dark-grey-walnut-bedroom-set,www.shoptorious.com,nova domus jagger modern dark grey walnut bedroom set,,bedroom set,"['modern', 'dark grey', 'walnut']",nova domus jagger
162,https://thefinestore.com/products/gift-card,thefinestore.com,gift card,,,[],
163,http://oot-oot.com/products/,oot-oot.com,,,,[],
164,https://lorfords.com/collections/the-armchair-collection/products/the-bayswater-armchair,lorfords.com,the bayswater armchair,collections/the armchair collection/,armchair,[],the bayswater
165,https://www.arighibianchi.co.uk/collections/new-in-homepage/products/birds-coat-rack,www.arighibianchi.co.uk,birds coat rack,collections/new in homepage/,coat rack,['birds'],
166,https://idlehands.design/products/page/2/,idlehands.design,page/2/,,,[],
167,https://www.diyfurniturestore.com/products/inside-out,www.diyfurniturestore.com,inside out,,,[],
168,https://pastperfect.sg/products/,pastperfect.sg,,,,[],
169,https://bastilleandsons.com.au/products/ottoman-leo,bastilleandsons.com.au,ottoman leo,,ottoman,[],leo
170,https://classicwithatwist.com.au/products/1900-bench,classicwithatwist.com.au,1900 bench,,bench,[],1900
171,https://apato.com.au/products/work/kobo-st-desk/,apato.com.au,work/kobo st desk/,,desk,['work'],kobo st
172,https://thewoodroom.com.au/products/take-me-back,thewoodroom.com.au,take me back,,,[],
173,https://thebanyantree.com.au/products/gift-card,thebanyantree.com.au,gift card,,,[],
174,https://ardoutdoor.com/products/,ardoutdoor.com,,,,[],
175,https://hauserstores.com/products/mesa-sofa?view=product-alt,hauserstores.com,mesa sofa,,sofa,[],mesa
176,https://boahaus.com/products/boahaus-urban-dressing-table,boahaus.com,boahaus urban dressing table,,dressing table,['urban'],boahaus
177,https://tabularasa-furniture.com/collections/frontpage/products/ohmm-fiesta,tabularasa-furniture.com,ohmm fiesta,collections/frontpage/,,[],
178,https://livingbydesign.net.au/products/sorensen-teak-bench-seat-dining,livingbydesign.net.au,sorensen teak bench seat dining,,bench seat,"['teak', 'dining']",sorensen
179,https://www.living-home.co.uk/products/58-07-valencia-side-table,www.living-home.co.uk,58 07 valencia side table,,side table,['58 07'],valencia
180,https://relm.com.au/products/,relm.com.au,,,,[],
181,https://www.harpersproject.com/products/marble-stool,www.harpersproject.com,marble stool,,stool,['marble'],
182,https://www.morningstartrading.ca/pages/products/recycled-treasures-consignment-pieces/hidden-treasure,www.morningstartrading.ca,recycled treasures consignment pieces/hidden treasure,pages/,,"['recycled', 'treasures', 'consignment', 'hidden']",
183,https://www.bellus.com/products/,www.bellus.com,,,,[],
184,https://www.hatihome.com/products/lounge-cane,www.hatihome.com,lounge cane,,lounge,['cane'],
185,https://www.meta44.com/products/homeland,www.meta44.com,homeland,,,[],
186,https://modernkomfort.ca/products/glen,modernkomfort.ca,glen,,,[],
187,https://www.aarniooriginals.com/collections/shop/products/pony,www.aarniooriginals.com,pony,collections/shop/,,[],
188,https://chansfurniture.com/products/copy-of-42-tennant-brand-modern-style-beatrice-bathroom-sink-vanity-tb-9433-v42-wenge-color,chansfurniture.com,copy of 42 tennant brand modern style beatrice bathroom sink vanity tb 9433 v42 wenge color,,bathroom sink vanity,"['42 tennant brand', 'modern style', 'beatrice', 'tb 9433 v42', 'wenge color']",copy of
189,https://alasaw.com/products/sample-box,alasaw.com,sample box,,,[],
190,https://hedgehousefurniture.com/products/windsor-bed,hedgehousefurniture.com,windsor bed,,bed,[],windsor
191,http://www.mountainteak.com/products/designer-teak-furniture/,www.mountainteak.com,designer teak furniture/,,furniture,"['teak', 'designer']",
192,https://www.lestudiolum.com/us/products/textiles/throws/,www.lestudiolum.com,textiles/throws/,us/,throw,[],
193,https://www.ameriwoodhome.com/Products/Storage/All/,www.ameriwoodhome.com,,,,[],
194,https://www.homeandstyle.com.sg/products/richmond-sofa-grey,www.homeandstyle.com.sg,richmond sofa grey,,sofa,['grey'],richmond
195,https://shop.vanillawood.com/products/plume-wallpaper,shop.vanillawood.com,plume wallpaper,,,[],plume wallpaper
196,http://modliving.com.ph/products/,modliving.com.ph,,,,[],
197,https://curiocavern.ph/products/cow-skull,curiocavern.ph,cow skull,,,[],
198,https://www.mossmanilahome.com/products/,www.mossmanilahome.com,,,,[],
199,https://oakforless.com/products/gift-card,oakforless.com,gift card,,,[],
200,https://www.castlery.com/products/spot-shelf,www.castlery.com,spot shelf,,shelf,[],spot
201,https://www.getmycouch.com/collections/sofa/products/sofa-sectional-bed-fn-gmc-008237,www.getmycouch.com,sofa sectional bed fn gmc 008237,collections/sofa/,sectional bed,['sofa'],fn gmc 008237
202,https://www.castlery.com.au/products/mico-stool?quantity=1,www.castlery.com.au,mico stool,,stool,[],mico
203,https://homestreethome.ie/products/zinc-tray,homestreethome.ie,zinc tray,,tray,['zinc'],
204,https://nazzek.myshopify.com/products/wooden-coffee-table,nazzek.myshopify.com,wooden coffee table,,coffee table,['wooden'],
205,https://www.myconcept.com.hk/products/moo,www.myconcept.com.hk,moo,,,[],
206,https://newforestrusticfurniture.co.uk/products/rustic-ruler-height-chart,newforestrusticfurniture.co.uk,rustic ruler height chart,,height chart,['rustic ruler'],
207,https://www.starliving.com.sg/products/heather-armchair,www.starliving.com.sg,heather armchair,,armchair,[],heather
208,https://vauntdesign.com/products/forna-plant-stand-small,vauntdesign.com,forna plant stand small,,plant stand,['small'],forna
209,https://www.langria.com/products/laptop-desk-cart,www.langria.com,laptop desk cart,,desk cart,['laptop'],
210,https://www.kolocollection.com/collections/lounging/products/bentley-sofa-in-oyster-weave,www.kolocollection.com,bentley sofa in oyster weave,collections/lounging/,sofa,['oyster weave'],bentley
211,https://asianteakfurniture.com/products/bali-teak-bench-atf388,asianteakfurniture.com,bali teak bench atf388,,bench,['teak'],bali
212,https://furnitica-vinova.myshopify.com/products/enim-donec-pede,furnitica-vinova.myshopify.com,enim donec pede,,,[],
213,https://jordanshome.ca/products/blue-vase,jordanshome.ca,blue vase,,vase,['blue'],
214,https://mikazahome.ca/products/page/4/,mikazahome.ca,page/4/,,,[],
215,https://barnabylane.com.au/products/spensley-tan,barnabylane.com.au,spensley tan,,,['tan'],spensley
216,https://urbangalleria.com/products/rowan-pod-swing,urbangalleria.com,rowan pod swing,,pod swing,[],rowan
217,https://www.modernfurniture.com.au/collections/on-sale/products/vision-suspended-sunbed,www.modernfurniture.com.au,vision suspended sunbed,collections/on sale/,sunbed,['suspended'],vision
218,https://www.granitelane.com.au/products/flourish-print,www.granitelane.com.au,flourish print,,,[],
219,https://teak-furniture-singapore.com/products/sweden-side-table,teak-furniture-singapore.com,sweden side table,,side table,[],sweden
220,https://teak-warehouse-sale.com/products/tws889lt-000-ta-lp,teak-warehouse-sale.com,tws889lt 000 ta lp,,,[],
221,https://www.countrysideamishfurniture.com/products/home-entertainment-centers/all/P40,www.countrysideamishfurniture.com,home entertainment centers/all/P40,,entertainment center,['home'],
222,https://www.modishstore.com/products/twos-company-sunburst-antiqued-gold-wall-mirror,www.modishstore.com,twos company sunburst antiqued gold wall mirror,,wall mirror,['antiqued gold'],twos company sunburst
223,https://www.stylemyhome.com.au/products/regency-three-drawer-chest,www.stylemyhome.com.au,regency three drawer chest,,chest,['3 drawer'],regency
224,https://loft-theme-demo-nashville.myshopify.com/products/black-chair,loft-theme-demo-nashville.myshopify.com,black chair,,chair,['black'],
225,https://teakco.com/products/amsterdam-2-drawer-bedside-table-tek168bs-002-ta,teakco.com,amsterdam 2 drawer bedside table tek168bs 002 ta,,bedside table,['2 drawer'],amsterdam
226,https://www.skovby.com/en-gb/products/tv-cabinets/skovby-86,www.skovby.com,tv cabinets/skovby 86,en gb/,tv cabinet,[],skovby 86
227,https://boulevardoutdoorfurniture.com/products/surin-lounge-set,boulevardoutdoorfurniture.com,surin lounge set,,lounge set,[],surin
228,https://big-sale-furniture.com/products/amsterdam-bench-150-x-35-be-150-35-ta,big-sale-furniture.com,amsterdam bench 150 x 35 be 150 35 ta,,bench,['150 x 35'],amsterdam
229,https://taktcph.com/products/,taktcph.com,,,,[],
230,https://www.blackmango.com.au/products/gift-card,www.blackmango.com.au,gift card,,,[],
231,https://jnmhome.ca/products/kuma-artwork,jnmhome.ca,kuma artwork,,,[],kuma artwork
232,https://candb.ca/products/10-gel-memory-foam-mattress,candb.ca,10 gel memory foam mattress,,mattress,"['gel memory foam', '10']",
233,https://www.oopenspace.com/products/nova-3,www.oopenspace.com,nova 3,,,[],
234,http://gharwakhri.com/Products/Bed-Room,gharwakhri.com,,,,[],
235,https://thonet.co.nz/products/all,thonet.co.nz,all,,,[],
236,https://www.nigbursfinefurniture.com/products/,www.nigbursfinefurniture.com,,,,[],
237,https://brownandbeam.com/products/hunts-pouf,brownandbeam.com,hunts pouf,,pouf,[],hunts
238,https://furniturestoresalemoregon.com/products/amish-furniture/style-your-own-syo/,furniturestoresalemoregon.com,amish furniture/style your own syo/,,amish furniture,['style your own syo'],
239,https://www.dengiloutdoorfurniture.com/products/sofa-sets/rattan-sofa-sets/,www.dengiloutdoorfurniture.com,sofa sets/rattan sofa sets/,,sofa set,['rattan'],
240,https://taeillo.com/products/ada,taeillo.com,ada,,,[],
241,https://birba.co.za/products/elkay-coffee-table-with-black-resign-line-detail,birba.co.za,elkay coffee table with black resign line detail,,coffee table,['black resign line detail'],elkay
242,https://zenchair.co.za/products/galileo-backrest-for-outdoors,zenchair.co.za,galileo backrest for outdoors,,backrest,['outdoors'],galileo
243,https://ubikhome.co.za/products/ada-tv-stand,ubikhome.co.za,ada tv stand,,tv stand,[],ada
244,https://vintage-etc.com/products/tabeni-coat-stand,vintage-etc.com,tabeni coat stand,,coat stand,[],tabeni
245,https://www.youngath-art.com/products/free-gift-with-every-kids-bed-purchase,www.youngath-art.com,free gift with every kids bed purchase,,kids bed,['free gift'],
246,https://www.hamac-shop.be/products/hamac-brasil-xxl-vert,www.hamac-shop.be,hamac brasil xxl vert,,hamac,"['xxl', 'vert']",brasil
247,https://www.masayacompany.com/collections/featured/products/wood-leather-ottoman,www.masayacompany.com,wood leather ottoman,collections/featured/,ottoman,"['wood', 'leather']",
248,https://ikonitaly.com/products/minimaproject-chieut-table,ikonitaly.com,minimaproject chieut table,,table,[],minimaproject chieut
249,https://arkaliving.com/products/african-palm-woven-chair,arkaliving.com,african palm woven chair,,woven chair,['african palm'],
250,https://www.cmphouse.com/products/huntington%E2%84%A2-8pc-patio-sofa-and-lounge-chair-set,www.cmphouse.com,huntington E2 84 A2 8pc patio sofa and lounge chair set,,"['patio sofa', 'lounge chair']",['8pc'],huntington
251,https://inliving.com/products/,inliving.com,,,,[],
252,https://www.oakvillage.co.uk/products/woburn-painted-wine-rack%20via%20@//twitter.com/oakvillage,www.oakvillage.co.uk,woburn painted wine rack 20via 20,,wine rack,['painted'],woburn 20via 20
253,https://waltercox.co.uk/products/,waltercox.co.uk,,,,[],
254,https://davidsfurniture.com/collections/quick-ship-furniture/products/craftmaster-bang-bang-sofa,davidsfurniture.com,craftmaster bang bang sofa,collections/quick ship furniture/,sofa,[],craftmaster bang bang
255,http://www.diamondfurniturepremier.com/products/,www.diamondfurniturepremier.com,,,,[],
256,https://www.fdxonline.com/en/en/products/chaise-lounge-by-dfn,www.fdxonline.com,chaise lounge by dfn,en/en/,chaise lounge,[],dfn
257,https://www.212concept.com/products/ikon-sofa,www.212concept.com,ikon sofa,,sofa,[],ikon
258,https://www.stacksfurniture.co.nz/products/rapaki3seatsofa-fog,www.stacksfurniture.co.nz,rapaki3seatsofa fog,,sofa,"['3 seater', 'fog']",rapaki
259,https://vintagehomeboutique.ca/products/zinolin-teak-oil,vintagehomeboutique.ca,zinolin teak oil,,,[],zinolin teak oil
260,https://bydesignmodern.com/products/dining-chairs-314-080,bydesignmodern.com,dining chairs 314 080,,dining chairs,['314 080'],
261,https://www.couchpotatocompany.com/collections/best-sellers/products/ro-armchair,www.couchpotatocompany.com,ro armchair,collections/best sellers/,armchair,[],ro
262,https://www.bfelix.com/products/lanceros-sofa,www.bfelix.com,lanceros sofa,,sofa,[],lanceros
263,https://mueblesitaliano.ph/products/,mueblesitaliano.ph,,,,[],
264,https://www.laura-james.co.uk/products/coffee-table-corona,www.laura-james.co.uk,coffee table corona,,coffee table,[],corona
265,https://emesfurnishop.co.uk/products/ivo-wardrobe,emesfurnishop.co.uk,ivo wardrobe,,wardrobe,[],ivo
266,https://mossgardenhome.com/products/woodland-puzzle,mossgardenhome.com,woodland puzzle,,,[],
267,https://www.amcfurniture.co.uk/products/1-6m-loui-dining-table-with-4-nicole-chairs,www.amcfurniture.co.uk,1 6m loui dining table with 4 nicole chairs,,"['dining table', 'nicole chairs']",['1.6m'],loui
268,https://timelessdesign.com.my/products/l-a-lcw-lounge-chair,timelessdesign.com.my,l a lcw lounge chair,,lounge chair,[],l a lcw
269,https://atomi.shop/products/wallpaper,atomi.shop,wallpaper,,,[],
270,https://www.houzzconcept.com.au/products/ino-sideboard,www.houzzconcept.com.au,ino sideboard,,sideboard,[],ino
271,https://lesa.com.my/website2019/products/living/,lesa.com.my,living/,website2019/,,[],
272,https://kenittifurniture.com/products/tv-cabinet-mn681,kenittifurniture.com,tv cabinet mn681,,tv cabinet,[],mn681
273,https://www.mfdesign.com.my/collections/sales-05/products/mf-design-sofa-3-seater-sales-05,www.mfdesign.com.my,mf design sofa 3 seater sales 05,collections/sales 05/,sofa,['3 seater'],mf design
274,https://nyfurnitureoutlets.com/products/acme-furniture-versailles-classic-bed-king,nyfurnitureoutlets.com,acme furniture versailles classic bed king,,bed,"['classic', 'king']",acme furniture versailles
275,https://www.mydiscountmalta.com/products/mdm-wardrobe,www.mydiscountmalta.com,mdm wardrobe,,wardrobe,[],mdm
276,http://www.muuduufurniture.com/products/frame-material/wood/,www.muuduufurniture.com,frame material/wood/,,,['wood'],
277,https://ifurnituresupply.com/products/spray-adhesive,ifurnituresupply.com,spray adhesive,,,[],
278,https://lazysusansusa.com/products/ls-16-myr-16-inches-in-diameter,lazysusansusa.com,ls 16 myr 16 inches in diameter,,,['16 inches in diameter'],ls 16 myr
279,https://www.pacificlifestyledecor.com/products/outdoor-patio-pool-and-garden-wicker-storage-box,www.pacificlifestyledecor.com,outdoor patio pool and garden wicker storage box,,storage box,"['outdoor', 'patio', 'pool', 'garden', 'wicker']",
280,https://www.willowcreekteak.com/products/8pc-venice,www.willowcreekteak.com,8pc venice,,,['8pc'],venice
281,https://www.furnitureworldsaskatoon.com/products/,www.furnitureworldsaskatoon.com,,,,[],
282,https://hklivingusa.com/products/marble-terrazzo-board-multi-color,hklivingusa.com,marble terrazzo board multi color,,board,"['marble terrazzo', 'multi color']",
283,https://foxwoodmerchants.com/products/v-table-need-info,foxwoodmerchants.com,v table need info,,table,[],v
284,https://scenicdecor.ca/products/grasshopper-storage-bin,scenicdecor.ca,grasshopper storage bin,,storage bin,[],grasshopper
285,https://rusticcraft.ca/products/rocking-chair,rusticcraft.ca,rocking chair,,rocking chair,[],
286,https://rusteak.com/products/sofa,rusteak.com,sofa,,sofa,[],
287,https://www.ambersfurniture.com/products/win-table,www.ambersfurniture.com,win table,,table,[],win
288,https://fredericksgallery.ca/collections/bars/products/sonoma-695-064,fredericksgallery.ca,sonoma 695 064,collections/bars/,,[],sonoma 695 064
289,https://www.18karatstore.com/collections/new/products/argea,www.18karatstore.com,argea,collections/new/,,[],
290,https://mesasilla.ca/products/,mesasilla.ca,,,,[],
291,https://www.herashome.com/products/462,www.herashome.com,462,,,[],
292,https://minimalandmodern.ca/products/moes-home-collection-raw-city-at-large-wp-1105-37,minimalandmodern.ca,moes home collection raw city at large wp 1105 37,,collection,"['raw city', 'large']",moes home
293,https://www.equilibriumfurnishings.com/products/abby-walnut-credenza,www.equilibriumfurnishings.com,abby walnut credenza,,credenza,['walnut'],abby
294,https://htinteriors.ca/products/cross-bench,htinteriors.ca,cross bench,,bench,['cross'],
295,https://designhouse.com/products/pig-bank,designhouse.com,pig bank,,bank,['pig'],
296,https://mildanmarket.com/products/bling-mirror-30,mildanmarket.com,bling mirror 30,,mirror,['30'],bling
297,https://varkoa.com/products/sven-chair,varkoa.com,sven chair,,chair,[],sven
298,https://treaclegeorge.com/products/gift-voucher,treaclegeorge.com,gift voucher,,,[],
299,http://veranda.com.au/products/#outdoor-anchor,veranda.com.au,,,,[],
300,https://syscomseatings.com/products/workstation-manufacturers-bangalore/tile/,syscomseatings.com,workstation manufacturers bangalore/tile/,,workstation,['manufacturers'],bangalore/tile/
301,https://www.50-online.com/products/wooden-house-ornament,www.50-online.com,wooden house ornament,,ornament,['wooden'],house
302,http://thomsonfurnitureonline.com/products/,thomsonfurnitureonline.com,,,,[],
303,http://www.bycollage.com/products/?product_tag=flux,www.bycollage.com,,,,[],
304,https://boneinlayhome.com.au/products/bone-inlay-french-drawers-floral-grey,boneinlayhome.com.au,bone inlay french drawers floral grey,,drawers,"['bone inlay', 'floral grey']",french
305,https://www.insaraf.com/products/solid-wood-coasters,www.insaraf.com,solid wood coasters,,coasters,['solid wood'],
306,https://homedesignstoreflorida.com/products/rebecca-bed-king-size,homedesignstoreflorida.com,rebecca bed king size,,bed,['king size'],rebecca
307,https://www.lakkadhaara.com/products/sheesham-made-wooden-khat,www.lakkadhaara.com,sheesham made wooden khat,,khat,['sheesham made wooden'],
308,https://www.kid2youth.in/products/duo-ergonomic-chair,www.kid2youth.in,duo ergonomic chair,,ergonomic chair,[],duo
309,https://www.nsquarestudio.com/products/odin-bedside-table,www.nsquarestudio.com,odin bedside table,,bedside table,[],odin
310,https://lovenlight.eu/products/page/3/,lovenlight.eu,page/3/,,,[],
311,http://www.komodromos.com.cy/products/special-offers/page/2/,www.komodromos.com.cy,special offers/page/2/,,,[],
312,https://bedesign.fi/products/gift-card,bedesign.fi,gift card,,,[],
313,https://scanteak.com.sg/products/apen-bookcase,scanteak.com.sg,apen bookcase,,bookcase,[],apen
314,https://www.elementsconcept.com.sg/collections/lighting/products/light-shade,www.elementsconcept.com.sg,light shade,collections/lighting/,light shade,[],
315,http://roomyroom.com/collections/writing-table/products/french-riviera-paris-3-drawer-desk-rmy238,roomyroom.com,french riviera paris 3 drawer desk rmy238,collections/writing table/,desk,['3 drawer'],french rivera paris
316,https://www.finnavenue.com/products/carrara-round-dining-table,www.finnavenue.com,carrara round dining table,,dining table,['round'],carrara
317,https://singaporetradingpost.com/products/decorative-white-carved-console,singaporetradingpost.com,decorative white carved console,,console,"['decorative', 'white', 'carved']",
318,https://singapore-furniture-sale.com/products/naples-teak-coffee-table-40x60x100-sfs638ct-000-ta,singapore-furniture-sale.com,naples teak coffee table 40x60x100 sfs638ct 000 ta,,coffee table,"['teak', '40x60x100']",naples
319,https://www.ministryofchair.com/products/cushion-lapland,www.ministryofchair.com,cushion lapland,,cushion,[],lapland
320,https://1outdoorfurniture.com/products/asmund-outdoor-console-table-with-2-sink-set-1tf168inx-console-table-2-sink-set,1outdoorfurniture.com,asmund outdoor console table with 2 sink set 1tf168inx console table 2 sink set,,console table,"['outdoor', '2 sink set']",asmund
321,https://wholesaleclassicfurniture.com/products/lyon-french-victorian-lamp-table-bedside-timber-bedside-table-white-wcf168bs-101-pn-wh_1,wholesaleclassicfurniture.com,lyon french victorian lamp table bedside timber bedside table white wcf168bs 101 pn wh,,lamp table bedside,"['french victorian', 'timber', 'white']",lyon
322,https://www.novena.com.sg/collections/stayhome-collection-for-immediate-delivery/products/altas-dining-set-solid-wood,www.novena.com.sg,altas dining set solid wood,collections/stayhome collection for immediate delivery/,dining set,['solid wood'],altas
323,https://taylorbdesign.com/products/hb-1441,taylorbdesign.com,hb 1441,,,[],hb 1441
324,https://houseofanli.com/products/gift-card,houseofanli.com,gift card,,,[],
325,https://hemma.sg/products/flower-planter?_pos=1&_sid=7be5737ba&_ss=r,hemma.sg,flower planter,,planter,['flower'],
326,https://wholesaleteakcompany.com/collections/frontpage/products/sonoma-los-angeles-mirror-back-teak-glass-display-cabinet-wtc288dc-200-mr-pnm,wholesaleteakcompany.com,sonoma los angeles mirror back teak glass display cabinet wtc288dc 200 mr pnm,collections/frontpage/,display cabinet,"['teak glass', 'mirror back']",sonoma los angeles
327,https://www.bibliotek.co/collections/featured/products/bird-oak-large,www.bibliotek.co,bird oak large,collections/featured/,,"['oak', 'large']",bird
328,https://warehaus.sg/products/boris-chair,warehaus.sg,boris chair,,chair,[],boris
329,https://home99.sg/products/l-shape-half-leather-sofa-lp860,home99.sg,l shape half leather sofa lp860,,sofa,"['l shape', 'half leather']",lp860
330,https://hmezsofa.sg/products/marble-tray,hmezsofa.sg,marble tray,,tray,['marble'],
331,https://www.nookandcranny.com/products/valda-sofa,www.nookandcranny.com,valda sofa,,sofa,[],valda
332,https://www.vetrohome.com/products/dice-sofa,www.vetrohome.com,dice sofa,,sofa,[],dice
333,https://www.gowanusfurniture.com/www.gowanusfurniture.com/products/class-make-your-own-custom-cutting-board,www.gowanusfurniture.com,class make your own custom cutting board,,cutting board,['custom'],make your own
334,https://epilog.co.id/products/telephone-box,epilog.co.id,telephone box,,,[],
335,https://gingerjarfurniture.com/products/page/3/,gingerjarfurniture.com,page/3/,,,[],
336,https://solidaustin.com/products/cooks-sofa,solidaustin.com,cooks sofa,,sofa,[],cooks
337,https://alteriors.ca/collections/herman-miller/products/nelson-saucer-bubble-lamp,alteriors.ca,nelson saucer bubble lamp,collections/herman miller/,bubble lamp,[],nelson saucer
338,http://www.italiafurniture.com/products/ellis-dining-collection,www.italiafurniture.com,ellis dining collection,,dining collection,[],ellis
339,https://onske.co.uk/products/gift-card,onske.co.uk,gift card,,,[],
340,https://ilrestaurato.com/products/chrome-counter-bar-stools-1970s,ilrestaurato.com,chrome counter bar stools 1970s,,bar stools,"['chrome', '1970s']",
341,https://www.eurohausfurniture.com/products/novaluna-parigi-platform-bed,www.eurohausfurniture.com,novaluna parigi platform bed,,platform bed,[],novaluna parigi
342,https://www.ultimateliving.co.nz/products/adam,www.ultimateliving.co.nz,adam,,,[],
343,https://www.rimufurniture.co.nz/products/riviera-1900-hutch-2/,www.rimufurniture.co.nz,riviera 1900 hutch 2/,,hutch,['1900'],riviera
344,https://www.zavedo.nz/collections/wall-hooks/products/soho-hook-50,www.zavedo.nz,soho hook 50,collections/wall hooks/,hook,['50'],soho
345,https://polini.co.nz/products/changing-table-polini-simple-1080-white,polini.co.nz,changing table polini simple 1080 white,,changing table,"['polini simple', '1080 white']",
346,https://basefurniture.co.nz/products/pegboard,basefurniture.co.nz,pegboard,,pegboard,[],
347,https://www.hammockshop.co.nz/products/childrens-hammock-chair,www.hammockshop.co.nz,childrens hammock chair,,hammock chair,['childrens'],
348,https://www.attichomestore.co.nz/products/maori-hand-carved-wooden-taiha,www.attichomestore.co.nz,maori hand carved wooden taiha,,taiha,"['hand carved', 'wooden', 'maori']",
349,https://urban-beach.co.nz/products/sofa-mica?view=quick,urban-beach.co.nz,sofa mica,,sofa,[],mica
350,https://countrylife.co.nz/commerce/products/2890977554284032/?rt=9&referral_code=page_shop_tab&ref=page_shop_tab,countrylife.co.nz,2890977554284032/,commerce/,,[],
351,https://www.jardin.co.nz/clearance/products/costa-chair-~-verbena/,www.jardin.co.nz,costa chair,clearance/,chair,[],costa
352,https://www.corcovado.co.nz/products/the-corcovado-kea-sofa,www.corcovado.co.nz,the corcovado kea sofa,,sofa,[],corcovado kea
353,https://www.lujo.co.nz/products/bean-bag-hook,www.lujo.co.nz,bean bag hook,,bean bag hook,[],
354,https://www.lujoliving.com/products/bean-bag-hook,www.lujoliving.com,bean bag hook,,bean bag hook,[],
355,https://www.shopden-la.com/products/single-metal-grated-pendant-lamp-by-the-feldman-company,www.shopden-la.com,single metal grated pendant lamp by the feldman company,,pendant lamp,"['single', 'metal grated']",feldman company
356,https://wrightsfurnitures.com/products/,wrightsfurnitures.com,,,,[],
357,https://bohovalley.com.au/products/fern-daybed,bohovalley.com.au,fern daybed,,daybed,[],fern
358,https://www.lounj.com.au/products/kiki-carver-chair,www.lounj.com.au,kiki carver chair,,carver chair,[],kiki
359,https://sofasandmore.co.nz/products/entertainment-unit-tv-unit,sofasandmore.co.nz,entertainment unit tv unit,,entertainment unit,['tv unit'],
360,https://australianchildrensfurniture.com.au/products/modular-sectional-unit,australianchildrensfurniture.com.au,modular sectional unit,,modular sectional unit,[],
361,https://www.bandhinidesign.com/products/norway,www.bandhinidesign.com,norway,,,[],
362,https://www.case22.com.au/products/moooi-chess-table,www.case22.com.au,moooi chess table,,chess table,[],moooi
363,https://www.kwikshopnship.com.au/products/rede-de-dormir-hammock,www.kwikshopnship.com.au,rede de dormir hammock,,hammock,['dormir'],rede
364,https://modernhomefurniture.com.au/products/albert-sofa,modernhomefurniture.com.au,albert sofa,,sofa,[],albert
365,https://nestz.com.au/products/classic-chess-board,nestz.com.au,classic chess board,,chess board,['classic'],
366,https://kubekfurniture.com/products/pearl-day-bed&title=Pearl%20Day%20Bed%20-%20Reserve%20one%20from%20June/July%20stock%20with%20just%20a%20deposit%20-%20CONTACT%20US,kubekfurniture.com,pearl day bed Pearl 20Day 20Bed 20 20Reserve 20one 20from 20June/July 20stock 20with 20just 20a 20deposit 20 20CONTACT 20US,,day bed,['pearl'],Pearl Day Bed
367,https://www.koernerfurniture.com/products/La-Z-Boy/lazboy/010563.html,www.koernerfurniture.com,La Z Boy/lazboy/010563.html,,,[],La Z Boy
368,https://razoutlets.com/products/table-lamp,razoutlets.com,table lamp,,table lamp,[],
369,https://all3loops.com/products/personalized-coozies,all3loops.com,personalized coozies,,,[],
370,https://augustusbrandt.co.uk/products/seating-2/204315/,augustusbrandt.co.uk,seating 2/204315/,,seating,[],
371,https://www.konfoliving.com/products/miami-bean-bag-chair,www.konfoliving.com,miami bean bag chair,,bean bag chair,[],miami
372,https://www.zipchair.com/products/stealth-recliner-with-boston-bruins-logo,www.zipchair.com,stealth recliner with boston bruins logo,,recliner,"['stealth', 'boston bruins logo']",
373,https://gousesfurniture.com/products/,gousesfurniture.com,,,,[],
374,https://maximahouse.com/products/denver-tv-set,maximahouse.com,denver tv set,,tv set,[],denver
375,https://www.conceptuscollection.com/products/kyu-dining-chair,www.conceptuscollection.com,kyu dining chair,,dining chair,[],kyu
376,https://woodaction.com/products/folding-wardrobe,woodaction.com,folding wardrobe,,wardrobe,['folding'],
377,https://homesteadfurniturebc.com/products/zane-bedroom-collection-please-contact-us-for-black-friday-pricing&via=hsfbc&text=Zane%20Bedroom%20Collection,homesteadfurniturebc.com,zane bedroom collection please contact us for black friday pricing via hsfbc text Zane 20Bedroom 20Collection,,bedroom collection,['black friday pricing'],zane
378,https://popstrukt.com/products/steel-shelf-standard,popstrukt.com,steel shelf standard,,shelf,"['steel', 'standard']",
379,https://dkmodernfurniture.com/products/novah-desks?variant=20650194534470,dkmodernfurniture.com,novah desks,,desk,[],novah
380,https://woodtribe.co.nz/products/wood-framed-signs,woodtribe.co.nz,wood framed signs,,signs,['wood framed'],
381,https://www.project82.com.au/products/palermo-rug-by-armadilloampco,www.project82.com.au,palermo rug by armadilloampco,,rug,[],palermo by armadilloampco
382,http://position-collective.com/skill/products/,position-collective.com,,skill/,,[],
383,https://www.jaimesfurniture.com/products/junior-beds-1,www.jaimesfurniture.com,junior beds 1,,beds,['junior'],
384,https://driftingwood.in/products/driftingwood-room-garden-love-folding-table-black,driftingwood.in,driftingwood room garden love folding table black,,folding table,"['room garden love', 'black']",driftingwood
385,https://studioydesign.ca/products/ontario-classic-storage-bed,studioydesign.ca,ontario classic storage bed,,storage bed,['classic'],ontario
386,https://pure-patio.com/products/braxton-bar-arm-chair,pure-patio.com,braxton bar arm chair,,bar arm chair,[],braxton
387,https://jubileefurniturelv.com/products/anette-modern-leather-bed,jubileefurniturelv.com,anette modern leather bed,,bed,"['modern', 'leather']",anette
388,https://www.madebyhame.com/products/ladder,www.madebyhame.com,ladder,,ladder,[],
389,https://www.skyhomedecor.com/collections/kids/products/the-rug-market-doodle-71287-area-rug,www.skyhomedecor.com,the rug market doodle 71287 area rug,collections/kids/,area rug,['doodle 71287'],the rug market
390,https://interiorsinvogue.com/products/side-sofa-table-silver-finish-har189,interiorsinvogue.com,side sofa table silver finish har189,,sofa table,['silver finish'],har189
391,https://elegantoak.co.uk/products/abbert-5ft-bed,elegantoak.co.uk,abbert 5ft bed,,bed,['5ft'],abbert
392,https://emvy.gr/products/,emvy.gr,,,,[],
393,https://em-say.com/products/gift-card,em-say.com,gift card,,,[],
394,https://rileysrealwood.com/products/detail/magnistretch-12,rileysrealwood.com,detail/magnistretch 12,,,[],
395,https://www.allaboutproduct.net/products/live-edge-86-metal-base-dining-table-with-matching-2-chairs-1-bench,www.allaboutproduct.net,live edge 86 metal base dining table with matching 2 chairs 1 bench,,"['dining table', 'chairs', 'bench']","['live edge', '86 metal base']",
396,https://rigersfitness.com/products/professional-wooden-rocker-balance-board,rigersfitness.com,professional wooden rocker balance board,,balance board,"['professional', 'wooden', 'rocker']",
397,https://houseofdurante.co.uk/products/libra-bronze-boar-sculpture,houseofdurante.co.uk,libra bronze boar sculpture,,sculpture,"['bronze', 'boar']",libra
398,https://shop-ames-interiors.com/products/gift-card,shop-ames-interiors.com,gift card,,,[],
399,https://www.royalgarden.com/products/russel-4pc-seating-set,www.royalgarden.com,russel 4pc seating set,,seating set,['4pc'],russel
400,https://ezzo.co.uk/collections/home-page-products/products/garret-3-seat-sofa,ezzo.co.uk,garret 3 seat sofa,collections/home page,sofa,['3 seat'],garret
401,https://homedesires.com/products/gift-card,homedesires.com,gift card,,,[],
402,https://sakhome.co.uk/collections/best-sellers-1/products/bibi-candle-holder-rouge,sakhome.co.uk,bibi candle holder rouge,collections/best sellers 1/,candle holder,['rouge'],bibi
403,https://www.astellahrela.com/products/narla-tray,www.astellahrela.com,narla tray,,tray,[],narla
404,https://huxlo.co.uk/products/desk,huxlo.co.uk,desk,,desk,[],
405,https://centralcoastfurniture.com/collections/desks/products/lewis-desk,centralcoastfurniture.com,lewis desk,collections/desks/,desk,[],lewis
406,https://mandai-design.com/products/led-einbaustrahler-boston-downlight,mandai-design.com,led einbaustrahler boston downlight,,,[],
407,https://www.furnituresales.com.au/products/200573469,www.furnituresales.com.au,200573469,,,[],
408,https://www.jarrahmarri.com.au/products/corner-tv-unit,www.jarrahmarri.com.au,corner tv unit,,tv unit,['corner'],
409,https://www.henryandoliverco.com/products/gift-vouchers,www.henryandoliverco.com,gift vouchers,,,[],
410,https://outonthepatio.com.au/products/aria,outonthepatio.com.au,aria,,,[],
411,https://avehome.com/products/aria-desk,avehome.com,aria desk,,desk,[],aria
412,https://elephanthead.co.uk/products/colourful-markers-cushion-cover,elephanthead.co.uk,colourful markers cushion cover,,cushion cover,['colourful markers'],
413,https://www.mantrafurnishings.com/products/5285-01-chair,www.mantrafurnishings.com,5285 01 chair,,chair,[],5285 01
414,https://www.coolstuffandaccessories.com/products/white-wood-dining-table,www.coolstuffandaccessories.com,white wood dining table,,dining table,"['white', 'wood']",
415,https://thecooldepot.com/products/3d-cement-wall-planter,thecooldepot.com,3d cement wall planter,,wall planter,"['3d', 'cement']",
416,https://ifortifi.ca/products/pl103,ifortifi.ca,pl103,,,[],
417,https://denvermodern.com/products/chula-outdoor-rug,denvermodern.com,chula outdoor rug,,rug,['outdoor'],chula
418,https://famgizmo.co.uk/products/1800w-log-burning-flame-effect-stove-electric-fire-heater-fireplace-standing,famgizmo.co.uk,1800w log burning flame effect stove electric fire heater fireplace standing,,stove electric fire heater fireplace,"['1800w', 'log burning flame effect', 'standing']",
419,https://www.interiorliving.ca/products/elaine-chair-1,www.interiorliving.ca,elaine chair 1,,chair,['1'],elaine
420,https://www.bbdgstore.com/products/bed-pillows,www.bbdgstore.com,bed pillows,,pillows,['bed'],
421,https://french-classic-furniture.com/products/french-round-back-dining-chair-white-fcf688ch-000-rd-qa-wh_1,french-classic-furniture.com,french round back dining chair white fcf688ch 000 rd qa wh,,dining chair,"['french', 'round back', 'white']",fcf688ch 000 rd qa wh
422,https://habitekshop.com/products/model-5-oak,habitekshop.com,model 5 oak,,,['oak'],model 5
423,https://homeandpatioliving.com/products/mib,homeandpatioliving.com,mib,,,[],
424,https://www.savetheplanetfurniture.com/products/lantern-silver-cube,www.savetheplanetfurniture.com,lantern silver cube,,lantern,"['silver', 'cube']",
425,https://www.greensladesfurniture.co.nz/collections/rugs/products/nebraska-floor-rug-ash,www.greensladesfurniture.co.nz,nebraska floor rug ash,collections/rugs/,floor rug,['ash'],nebraska
426,https://www.loomlan.com/collections/modern-furniture-sofa-loveseat-tufted-leather-blue-velvet/products/dean-92-california-casual-sofa,www.loomlan.com,dean 92 california casual sofa,collections/modern furniture sofa loveseat tufted leather blue velvet/,sofa,['california casual'],dean 92
427,https://plankandpipe.co.uk/products/copper-pipe-clothes-hanger-hooks,plankandpipe.co.uk,copper pipe clothes hanger hooks,,clothes hanger,['copper pipe hooks'],
428,https://www.pizzazzhub.com.au/products/4-tier-tv-media-stand,www.pizzazzhub.com.au,4 tier tv media stand,,tv media stand,['4 tier'],
429,https://www.polyteakoutdoor.com/products/polyteak-curved-outdoor-rocking-chair,www.polyteakoutdoor.com,polyteak curved outdoor rocking chair,,rocking chair,"['curved', 'outdoor', 'polyteak']",
430,https://www.souk.co.nz/products/sumatra-chair%20via%20@https://twitter.com/Souk_Collective,www.souk.co.nz,sumatra chair 20via 20,,chair,[],sumatra 20via 20
431,https://modholic.com/products/tulip-bar-table,modholic.com,tulip bar table,,bar table,[],tulip
432,https://walkeredisonshop.com/products/jackson-slat-entry-table,walkeredisonshop.com,jackson slat entry table,,entry table,['slat'],jackson
433,https://stylefurniture.com.sg/products/lucas-armchair,stylefurniture.com.sg,lucas armchair,,armchair,[],lucas
434,https://www.walteralice.com/products/wool-alpaca-poly-blend-check-fireside-chair?variant=8105538551900,www.walteralice.com,wool alpaca poly blend check fireside chair,,fireside chair,['wool alpaca poly blend check'],
435,https://veroabode.com/products/adjustable-vintage-retro-rustic-bar-stool,veroabode.com,adjustable vintage retro rustic bar stool,,bar stool,"['adjustable', 'vintage', 'retro', 'rustic']",
436,https://www.kotihome.com.au/collections/tv/products/new-devanti-40-inch-smart-led-tv-2k-full-hd-lcd-slim-screen-black,www.kotihome.com.au,new devanti 40 inch smart led tv 2k full hd lcd slim screen black,collections/tv/,tv,"['40 inch', 'smart', '2k full hd', 'lcd slim screen', 'black']",davanti
437,https://www.novomodern.com/products/avenue-chair,www.novomodern.com,avenue chair,,chair,[],avenue
438,https://yoyo.co.nz/products/yoyo-gift-voucher,yoyo.co.nz,yoyo gift voucher,,,[],
439,https://newstartfurniture.com.au/products/4-four-poster-king-bed-frame,newstartfurniture.com.au,4 four poster king bed frame,,bed frame,"['4 poster', 'king']",
440,https://workspaceluxe.com.au/products/6ixty-zine-desk,workspaceluxe.com.au,6ixty zine desk,,desk,[],6ixty zine
441,https://www.newleafupcycled.com.au/products/rustic-shabby-chic-bookcase,www.newleafupcycled.com.au,rustic shabby chic bookcase,,bookcase,"['rustic', 'shabby chic']",
442,https://www.thedesignedit.com.au/products/daria-cushion,www.thedesignedit.com.au,daria cushion,,cushion,[],daria
443,https://www.therusticfurniturestore.com/products/global-floor-lamp,www.therusticfurniturestore.com,global floor lamp,,floor lamp,[],global
444,https://dormahome.com/products/seaford-shelf-black,dormahome.com,seaford shelf black,,shelf,['black'],seaford
445,https://www.paetry.com/products/catalina-chair,www.paetry.com,catalina chair,,chair,[],catalina
446,https://panana.co.uk/products/3-seater-sofa-bed,panana.co.uk,3 seater sofa bed,,sofa bed,['3 seater'],
447,https://mahliainteriors.com.au/collections/mothers-day-15-off-sale/products/bone-inlay-floral-box-black,mahliainteriors.com.au,bone inlay floral box black,collections/mothers day 15 off sale/,box,"['bone inlay', 'floral', 'black']",
448,https://reclaimedcharm.co/products/2-day-designs-dartboard-cabinet,reclaimedcharm.co,2 day designs dartboard cabinet,,dartboard cabinet,['2 day designs'],
449,https://luxstreet.com.au/collections/outdoor/products/whitehaven-dining-chair-white-frame-white-wicker-seat,luxstreet.com.au,whitehaven dining chair white frame white wicker seat,collections/outdoor/,dining chair,"['white frame', 'white wicker seat']",whitehaven
450,https://choufani.com/products/primavera-bed,choufani.com,primavera bed,,bed,[],primavera
451,https://copperbarnhome.com/products/gift-card,copperbarnhome.com,gift card,,,[],
452,https://wazofurniture.com/collections/sofa/products/grant-blue-fabric-sofa,wazofurniture.com,grant blue fabric sofa,collections/sofa/,sofa,['blue fabric'],grant
453,https://www.ofo.com.au/products/hanging-pod-chair,www.ofo.com.au,hanging pod chair,,pod chair,['hanging'],
454,https://www.unitedoutdoorfurniture.com.au/products/scarlett-indoor-timber-buffet-sideboard%20via%20@https://twitter.com/UnitedHouse1,www.unitedoutdoorfurniture.com.au,scarlett indoor timber buffet sideboard 20via 20,,buffet sideboard,"['indoor', 'timber']",scarlett
455,https://www.furniturecontracts.com.au/products/,www.furniturecontracts.com.au,,,,[],
456,https://www.innerspace.net.au/products/STOOLS-5414,www.innerspace.net.au,STOOLS 5414,,stools,['5414'],
457,https://www.generalstorefurniture.com.au/products/design-customise-your-own-timber-dining-table,www.generalstorefurniture.com.au,design customise your own timber dining table,,dining table,"['timber', 'customise']",design
458,https://www.simpli-home.com/products/braxton-desk,www.simpli-home.com,braxton desk,,desk,[],braxton
459,https://americanwholesalefurniturewi.com/products/,americanwholesalefurniturewi.com,,,,[],
460,https://www.mykahome.com.au/products/zee-back-cushion,www.mykahome.com.au,zee back cushion,,cushion,['back'],zee
461,https://mrnanyang.com/products/cushioned-soft-leather-chair,mrnanyang.com,cushioned soft leather chair,,chair,"['cushioned', 'soft leather']",
462,https://www.naturalgeo.com/products/natural-geo-jasmine-modern-wavy-abstract-gray-black-area-rug,www.naturalgeo.com,natural geo jasmine modern wavy abstract gray black area rug,,area rug,"['natural', 'geo jasmine', 'modern', 'wavy', 'abstract', 'gray', 'black']",
463,https://home-evolution.com/products/one-storys-not-enough/,home-evolution.com,one storys not enough/,,,[],
464,https://hamptonsstyle.com.au/products/hamptons-style-gift-card,hamptonsstyle.com.au,hamptons style gift card,,,[],
465,https://www.henkalab.com/products/kaona-table,www.henkalab.com,kaona table,,table,[],kaona
466,https://www.bilberry-furniture.co.uk/products/test,www.bilberry-furniture.co.uk,test,,,[],
467,https://bostonwoods.co.za/products/kr3-pedestal,bostonwoods.co.za,kr3 pedestal,,pedestal,[],kr3
468,https://www.blockandchisel.co.za/products/special-features/promotion-53,www.blockandchisel.co.za,special features/promotion 53,,,[],
469,https://humelabamerica.com/products/clea,humelabamerica.com,clea,,,[],
470,https://sghomefurnishing.com/collections/study-room/products/alvise-working-desk,sghomefurnishing.com,alvise working desk,collections/study room/,working desk,[],alvise
471,https://bydesigntexas.com/products/bdimargo%E2%84%A2-5229-media-cabinet-6-colors?_pos=1&_sid=81298bf3f&_ss=r,bydesigntexas.com,bdimargo E2 84 A2 5229 media cabinet 6 colors,,media cabinet,['6 colors'],bdimargo E2 84 A2 5229
472,https://furnitureshop.net/products/curvy-chair,furnitureshop.net,curvy chair,,chair,['curvy'],
473,https://www.mooradians.com/products/?filter_brand=fairfield-chair-company,www.mooradians.com,,,,[],
474,https://rawmaterials.eu/products/acaciawood-curved-wall-shelf-80-cm,rawmaterials.eu,acaciawood curved wall shelf 80 cm,,wall shelf,"['acaciawood', 'curved', '80 cm']",
475,https://grandads-shed.com/products/daintree-mugs,grandads-shed.com,daintree mugs,,mugs,[],daintree
476,https://popularstores.co.za/products/te-6011,popularstores.co.za,te 6011,,,[],
477,https://lavida-furniture.com/products/lua,lavida-furniture.com,lua,,,[],
478,https://mydesignrepublic.com/collections/all/products/antika-rug,mydesignrepublic.com,antika rug,collections/all/,rug,[],antika
479,https://www.alwaysabargain.co.uk/products/talladale-3-over-4-chest-of-drawers,www.alwaysabargain.co.uk,talladale 3 over 4 chest of drawers,,chest of drawers,['3 over 4'],talladale
480,https://mintffe.com.au/products/,mintffe.com.au,,,,[],
481,https://mikisew.ca/products/futon-mattress,mikisew.ca,futon mattress,,mattress,['futon'],
482,https://modernityvintage.com/products/wilhelm-renz-metamorphic-coffee-table,modernityvintage.com,wilhelm renz metamorphic coffee table,,coffee table,['metamorphic'],wilhelm renz
483,https://mybellas.com/products/paolo-bench,mybellas.com,paolo bench,,bench,[],paolo
484,https://www.smallspaceplus.com/products/scube,www.smallspaceplus.com,scube,,,[],
485,https://limitedabode.co.uk/products/pink-art,limitedabode.co.uk,pink art,,,[],
486,https://shabbystore.co.uk/products/the-ritz-bed%20via%20@https://twitter.com/ShabbyStore,shabbystore.co.uk,the ritz bed 20via 20,,bed,['20via 20'],the ritz
487,https://welcometohome.com.au/products/peyton,welcometohome.com.au,peyton,,,[],
488,https://www.totemroad.com/products/gift-card,www.totemroad.com,gift card,,,[],
489,https://allstatefurniturenj.com/products/bayonne-bedroom-collection,allstatefurniturenj.com,bayonne bedroom collection,,bedroom collection,[],bayonne
490,https://whataroom.com/collections/new-arrival-rugs/products/arsene-r3475-aqu000,whataroom.com,arsene r3475 aqu000,collections/new arrival rugs/,,[],
491,http://www.odinlifestyle.com/products/collections/tyr/,www.odinlifestyle.com,collections/tyr/,,,[],
492,https://perfectforthehome.co.uk/collections/occasional/products/maison-velvet-chair,perfectforthehome.co.uk,maison velvet chair,collections/occasional/,chair,['velvet'],maison
493,https://penelopesgarden.us/products/cbd-starter-kit-save-5,penelopesgarden.us,cbd starter kit save 5,,,[],
494,https://www.wrights-furniture.com/products/La-Z-Boy/lazboy/440521.html,www.wrights-furniture.com,La Z Boy/lazboy/440521.html,,,[],La Z Boy
495,https://jeffjonesfurniture.net/products/Ashley-Furniture/ashley/b69746.html,jeffjonesfurniture.net,Ashley Furniture/ashley/b69746.html,,,[],Ashley Furniture
496,https://www.klinnerfurniture.com/products/simmons/beautysleepdauphinislandtighttopplushking.html,www.klinnerfurniture.com,simmons/beautysleepdauphinislandtighttopplushking.html,,mattress,"['beautysleep', 'dauphin island', 'tight top', 'plush', 'king']",simmons
497,https://www.lastersfurniture.com/products/surya/a10858.html,www.lastersfurniture.com,surya/a10858.html,,,[],
498,https://www.grainwoodfurniture.com/products/shaker-twin-panel-platform-bed,www.grainwoodfurniture.com,shaker twin panel platform bed,,platform bed,"['shaker', 'twin panel']",
499,https://davishomefurniture.com/products/office/desk/,davishomefurniture.com,office/desk/,,desk,['office'],
500,https://idsfurniture.com/categories/563349/simon/products/sim-s-ch/simon-side-chair,idsfurniture.com,sim s ch/simon side chair,categories/563349/simon/,side chair,[],sim s ch/simon
501,https://www.byronbayhangingchairs.com.au/products/weekender,www.byronbayhangingchairs.com.au,weekender,,,[],
502,https://www.homebarsusa.com/products/howard-miller-niagara-bar-693-001,www.homebarsusa.com,howard miller niagara bar 693 001,,bar,[],howard miller niagara
503,https://www.wellhunghammocks.com/products/mexican-hammock,www.wellhunghammocks.com,mexican hammock,,hammock,['mexican'],
504,https://nofred.com/products/wall-bug,nofred.com,wall bug,,,[],
505,https://brisbanefurniture.com.au/products/linear-desk,brisbanefurniture.com.au,linear desk,,desk,['linear'],
506,https://midcenturymasters.com/products/sculptural-ebonized-credenza-with-silver-leafed-front,midcenturymasters.com,sculptural ebonized credenza with silver leafed front,,credenza,"['sculptural', 'ebonized', 'silver leafed front']",
507,https://primrosehomeware.co.uk/products/pulley-clothes-airer-5-lath,primrosehomeware.co.uk,pulley clothes airer 5 lath,,clothes airer,"['pulley', '5 lath']",
508,https://www.ledecostyle.com/collections/featured-products/products/1970s-sputnik-suspension-lamp-made-in-murano-in-star-form,www.ledecostyle.com,1970s sputnik suspension lamp made in murano in star form,collections/featured,suspension lamp,"['1970s', 'made in murano', 'star form']",sputnik
509,https://www.classic2modern.com/products/100-sofa,www.classic2modern.com,100 sofa,,sofa,[],100
510,https://www.mrandmrswhite.net/products/gift-card-2,www.mrandmrswhite.net,gift card 2,,,[],
511,https://www.theimporter.co.nz/products/bookshelf-rosewood,www.theimporter.co.nz,bookshelf rosewood,,bookshelf,['rosewood'],
512,https://galaxiemodern.com/products/jens-risom-sofa,galaxiemodern.com,jens risom sofa,,sofa,[],jens risom
513,https://www.theteakplace.com.au/products/garden-bench-cushions,www.theteakplace.com.au,garden bench cushions,,bench,['cushions'],garden
514,https://opulencehome.com/products/lucas-leather-chair,opulencehome.com,lucas leather chair,,chair,['leather'],lucas
515,https://www.mymoderndecor.com/sales@mymoderndecor.com/products/slim-bookcase-800923,www.mymoderndecor.com,slim bookcase 800923,mymoderndecor.com/,bookcase,['slim'],800923
516,https://circa60.com/products/mid-century-modern-walnut-hanging-floating-cabinet&text=Mid%20Century%20Modern%20Walnut%20HANGING%20%20/%20FLOATING%20CABINET,circa60.com,mid century modern walnut hanging floating cabinet text Mid 20Century 20Modern 20Walnut 20HANGING 20 20/ 20FLOATING 20CABINET,,floating cabinet,"['mid century modern', 'walnut', 'hanging']",mid century modern walnut
517,https://www.stil.ie/products/butterfly-stool,www.stil.ie,butterfly stool,,stool,[],butterfly
518,https://www.elanfurniturecorp.com/products/elan-furniture-port-indoor-60-bench%20via%20@//twitter.com/elanfurniture,www.elanfurniturecorp.com,elan furniture port indoor 60 bench 20via 20,,bench,"['indoor', '60']",elan furniture port
519,https://thecountryfurniture.com/products/sequoia,thecountryfurniture.com,sequoia,,,[],sequoia
520,https://lamporia.com/products/tbl4229a,lamporia.com,tbl4229a,,,[],tbl4229a
521,https://reecefurniture.com/products/jonkoping-sofa,reecefurniture.com,jonkoping sofa,,sofa,[],jonkoping
522,https://ulfertskids.com/products/rectangle-6,ulfertskids.com,rectangle 6,,,[],
523,https://www.turquoise.co.uk/collections/walnut/products/walnut-glass-dining-table-h1096,www.turquoise.co.uk,walnut glass dining table h1096,collections/walnut/,dining table,"['walnut', 'glass']",h1096
524,https://www.thecurious.mx/collections/products/products/arcos-chair,www.thecurious.mx,products/arcos chair,collections/,chair,[],arcos
525,https://www.prestige-affairs.com/products/wishbone-y-chair,www.prestige-affairs.com,wishbone y chair,,y chair,[],wishbone
526,https://www.patiocottage.com/collections/patio-chairs/products/back-pack-chair,www.patiocottage.com,back pack chair,collections/patio chairs/,chair,['back pack'],
527,https://vanspecial.com/products/self-planner,vanspecial.com,self planner,,,[],
528,https://www.smithmade.com.au/products/spargo-armchair,www.smithmade.com.au,spargo armchair,,armchair,[],spargo
529,https://www.wbjamieson.com/products/string-system,www.wbjamieson.com,string system,,system,['string'],
530,https://theoutdoorpatiostore.com/products/gazebo-8x8,theoutdoorpatiostore.com,gazebo 8x8,,gazebo,['8x8'],
531,https://www.eventsuber.com/products/resin-folding-chairs-vinyl-pad&text=1000%20lb.%20Capacity%20Resin%20Folding%20Chair%20w/%20Vinyl%20Padded%20Seat,www.eventsuber.com,resin folding chairs vinyl pad text 1000 20lb. 20Capacity 20Resin 20Folding 20Chair 20w/ 20Vinyl 20Padded 20Seat,,folding chair,"['resin', 'vinyl pad', 'text 1000', '20lb', '20Capacity', '20Resin', '20Folding', '20Chair', '20w/', '20Vinyl', '20Padded', '20Seat']",
532,https://www.canvasinteriors.com/collections/rugs/products/lia,www.canvasinteriors.com,lia,collections/rugs/,,[],
533,https://www.autonomousfurniture.com/collections/frontpage/products/pod11-1,www.autonomousfurniture.com,pod11 1,collections/frontpage/,,[],
534,https://parliamentinteriors.com/products/accessories-and-decor,parliamentinteriors.com,accessories and decor,,,[],
535,https://www.sunshinefurniture.com.au/products/albert-sofa,www.sunshinefurniture.com.au,albert sofa,,sofa,[],albert
536,https://www.bbfurniturestore.co.uk/products/sareer-3000-pocket-sprung-mattress,www.bbfurniturestore.co.uk,sareer 3000 pocket sprung mattress,,mattress,['3000 pocket sprung'],sareer
537,https://baskdesign.com/collections/new-products/products/social-1,baskdesign.com,social 1,collections/new,,[],
538,https://elinahome.com/products/18-x-18-inch-satin-napkins-rhinestone-napkin-rings-party-supplies-christmas-decorations-wedding-birthday-baby-shower,elinahome.com,18 x 18 inch satin napkins rhinestone napkin rings party supplies christmas decorations wedding birthday baby shower,,,"['18 x 18 inch', 'satin', 'rhinestone napkin rings', 'party supplies', 'christmas decorations', 'wedding', 'birthday', 'baby shower']",
539,https://finditstyleithome.com.au/products/dahlia-mirror-gold-1,finditstyleithome.com.au,dahlia mirror gold 1,,mirror,['gold'],dahlia 1
540,https://medleyhome.com/products/ridge-accent-chair,medleyhome.com,ridge accent chair,,accent chair,[],ridge
541,https://www.modernisedliving.com.au/products/3-sets-tank-pots-grey,www.modernisedliving.com.au,3 sets tank pots grey,,tank pots,"['3 sets', 'grey']",
542,https://shop.humblecrew.com/products/lucky-theory-metal-chair,shop.humblecrew.com,lucky theory metal chair,,metal chair,[],lucky theory
543,https://www.simplyfurnishing.co.uk/products/4kids-1-door-desk-mobile-with-lemon-handles,www.simplyfurnishing.co.uk,4kids 1 door desk mobile with lemon handles,,desk,"['1 door', 'mobile', 'lemon handles']",4kids
544,https://uniqwafurniture.com.au/collections/decorative-decor/products/bwindi-wall-art,uniqwafurniture.com.au,bwindi wall art,collections/decorative decor/,wall art,[],bwindi
545,https://woodshopfogoisland.ca/products/bertha-chair,woodshopfogoisland.ca,bertha chair,,chair,[],bertha
546,https://profilesny.com/collections/art/products/bleach-scarf,profilesny.com,bleach scarf,collections/art/,,[],
547,https://www.hanaleyinteriors.co.uk/products/page/3/,www.hanaleyinteriors.co.uk,page/3/,,,[],
548,https://www.thefurniturefactory.org.uk/products/warwick-dining-set,www.thefurniturefactory.org.uk,warwick dining set,,dining set,[],warwick
549,http://mollanbros.co.uk/products/page/4/,mollanbros.co.uk,page/4/,,,[],
550,https://atouchoffurniture.co.uk/products/alton-3-seat-sofa,atouchoffurniture.co.uk,alton 3 seat sofa,,sofa,['3 seat'],alton
551,https://tiger-oak.com/products/skovby-portable-bar,tiger-oak.com,skovby portable bar,,portable bar,[],skovby
552,https://www.georgestreet.co.uk/products/e1-flush-3-light-ceiling-light/,www.georgestreet.co.uk,e1 flush 3 light ceiling light/,,ceiling light,"['flush', '3 light']",e1
553,https://www.needlerock.co.uk/products/chairs,www.needlerock.co.uk,chairs,,chair,[],
554,https://jordansinteriors.ca/products/park-slope-desk,jordansinteriors.ca,park slope desk,,desk,[],park slope
555,http://camerich-bd.com/products/,camerich-bd.com,,,,[],
556,https://coastalhomecollective.com.au/products/wooden-tray,coastalhomecollective.com.au,wooden tray,,tray,['wooden'],
557,https://bestfurniture.co.nz/products/linea-sideboard,bestfurniture.co.nz,linea sideboard,,sideboard,[],linea
558,https://www.imfurniturestore.com/products/sofa,www.imfurniturestore.com,sofa,,sofa,[],
559,https://pastoesales.com/products/vision-sideboard-5,pastoesales.com,vision sideboard 5,,sideboard,['5'],vision
560,https://lexiconhome.com/products/h181000a70wh&via=&text=Chai%20Accent%20Chest%20w/%20Mirror%20Door,lexiconhome.com,h181000a70wh via text Chai 20Accent 20Chest 20w/ 20Mirror 20Door,,accent chest,['mirror door'],h181000a70wh via text Chai
561,https://www.soleilcollective.com/collections/beds/products/driade-edward-i-double-panel-bed,www.soleilcollective.com,driade edward i double panel bed,collections/beds/,double panel bed,[],driade edward i
562,https://www.valaray.com/collections/all/products/scandormi-sofa,www.valaray.com,scandormi sofa,collections/all/,sofa,[],scandormi
563,https://empirefurniture.co.nz/products/recliner-lounge-suite,empirefurniture.co.nz,recliner lounge suite,,lounge suite,['recliner'],
564,https://adona.in/products/adona-adonica-fusion-king-bed-plywood,adona.in,adona adonica fusion king bed plywood,,bed,"['king', 'plywood']",adona adonica fusion
565,https://timleveson.shop/products/nico-sofa-1750-urban,timleveson.shop,nico sofa 1750 urban,,sofa,['1750 urban'],nico
566,https://shop.gubi.com/products/epic-dining-table,shop.gubi.com,epic dining table,,dining table,[],epic
567,https://nativelifestyle.co.uk/products/cons-cesar01,nativelifestyle.co.uk,cons cesar01,,,[],cons cesar01
568,https://gibsonpatioshop.com/products/index.html,gibsonpatioshop.com,index.html,,,[],
569,https://hoomefurniture.com/products/page/2/,hoomefurniture.com,page/2/,,,[],
570,https://www.thenineschools.co.uk/collections/trunk/products/oriental-decorated-blue-trunk,www.thenineschools.co.uk,oriental decorated blue trunk,collections/trunk/,trunk,"['oriental decorated', 'blue']",
571,https://us.alexandrallewellyn.com/products/leaf,us.alexandrallewellyn.com,leaf,,,[],
572,https://yourpatiostore.com/products/zara-loveseat,yourpatiostore.com,zara loveseat,,loveseat,[],zara
573,https://bohincstudio.com/collections/vases/products/jupiter-vase,bohincstudio.com,jupiter vase,collections/vases/,vase,[],jupiter
574,https://austinleathergallerytx.com/products/,austinleathergallerytx.com,,,,[],
575,https://www.idealfurnishings.co.uk/products/amsterdam-double-bedstead,www.idealfurnishings.co.uk,amsterdam double bedstead,,bedstead,['double'],amsterdam
576,https://www.villalane.com.au/products/gift-card,www.villalane.com.au,gift card,,,[],
577,https://ingoodcompany.com.au/collections/new-arrivals/products/kuru-bowl-ceramic-37cm-grey,ingoodcompany.com.au,kuru bowl ceramic 37cm grey,collections/new arrivals/,bowl,"['ceramic', '37cm', 'grey']",kuru
578,https://rutherford-romaguera2611.myshopify.com/products/teddy-rug%20via%20@//twitter.com/undergrndmedia,rutherford-romaguera2611.myshopify.com,teddy rug 20via 20,,rug,['20via 20'],teddy
579,http://olgunstore.com/en/products/sleeping-products/toppers/,olgunstore.com,sleeping products/toppers/,en/,,[],
580,https://www.saladinostyle.com/products/nature,www.saladinostyle.com,nature,,,[],
581,https://finelinefurnitureandaccessories.com/products/colosso-woven-neoprene-hand-knotted-basket,finelinefurnitureandaccessories.com,colosso woven neoprene hand knotted basket,,basket,"['woven', 'neoprene', 'hand knotted']",colosso
582,https://bungalowfurniture.com/products/bath-mat,bungalowfurniture.com,bath mat,,,[],
583,https://ajnaliving.com/products/provence-sofa,ajnaliving.com,provence sofa,,sofa,[],provence
584,https://camerichseattle.com/products/rugs/,camerichseattle.com,rugs/,,rugs,[],
585,https://www.countrytime.ca/products/,www.countrytime.ca,,,,[],
586,https://domedeco.us/categories/639951/carpets/products/zu140200{slash}an/woolen-carpet-_singlequotes_zubair_singlequotes_,domedeco.us,zu140200 slash an/woolen carpet,categories/639951/carpets/,carpet,['woolen'],zu140200 slash an
587,https://donar.si/products/collodi,donar.si,collodi,,,[],
588,https://foldsmart.co.uk/collections/frontpage/products/deep-double-bookcase,foldsmart.co.uk,deep double bookcase,collections/frontpage/,bookcase,"['deep', 'double']",
589,https://foreverfurniture.ca/products/living/palliser-furniture/india-leather-sofa,foreverfurniture.ca,living/palliser furniture/india leather sofa,,sofa,['leather'],palliser furniture india
590,https://www.gblfurniture.com/products/provence-1door-cabinet,www.gblfurniture.com,provence 1door cabinet,,cabinet,['1 door'],provence
591,https://sigmanmills.com/products/gift-card,sigmanmills.com,gift card,,,[],
592,https://www.thechesterfieldshop.com/products/sofas/,www.thechesterfieldshop.com,sofas/,,sofa,[],
593,https://westbridgefurniturestoke.co.uk/products/view/890,westbridgefurniturestoke.co.uk,view/890,,,[],
594,https://zulufurniture.com/products/posh,zulufurniture.com,posh,,,[],
595,https://www.hopperstudio.com/products/sofia-nightstand,www.hopperstudio.com,sofia nightstand,,nightstand,[],sofia
596,https://furnituremaddness.com/products/l-shape-leather-lounge,furnituremaddness.com,l shape leather lounge,,lounge,['leather'],l shape
597,https://suncoastsitra.shoptiqstore.com.sg/products/footstool&media=https://cdn.store-assets.com/s/257913/i/8659911_480x.jpeg&description=Footstool,suncoastsitra.shoptiqstore.com.sg,footstool media,,footstool,['media'],
598,https://www.therejectshop.sg/products/page/3,www.therejectshop.sg,page/3,,,[],
599,https://www.angliarecliners.co.uk/products/swan/,www.angliarecliners.co.uk,swan/,,,[],
600,https://www.centralliving.co.uk/products/vik-desk-chair,www.centralliving.co.uk,vik desk chair,,desk chair,[],vik
601,http://www.furnimax.co.uk/products/more-sleep-cadiz-double-complete-set/,www.furnimax.co.uk,more sleep cadiz double complete set/,,double complete set,[],more sleep cadiz
602,http://www.makebuildmend.co.uk/products/,www.makebuildmend.co.uk,,,,[],
603,https://headandhaft.co.uk/products/tir,headandhaft.co.uk,tir,,,[],
604,https://hilaryandflo.co.uk/products/nice-print,hilaryandflo.co.uk,nice print,,,[],
605,https://pepegarden.co.uk/products/erica-park-bench,pepegarden.co.uk,erica park bench,,park bench,[],erica
606,https://pinchdesign.co.uk/products/emil,pinchdesign.co.uk,emil,,,[],
607,https://www.sartra.co.uk/products/beaufort-large-oak-tv-unit,www.sartra.co.uk,beaufort large oak tv unit,,tv unit,"['large', 'oak']",beaufort
608,https://shannonsales.co.uk/products/special-offers/special-offers-and-sale-items/,shannonsales.co.uk,special offers/special offers and sale items/,,,[],
609,https://settlehome.co.uk/products/double-pair-of-triple-pinch-pleat-curtains-in-zoffany,settlehome.co.uk,double pair of triple pinch pleat curtains in zoffany,,curtains,"['double pair', 'triple pinch pleat', 'zoffany']",
610,https://www.simplyhammocks.co.uk/collections/new-products/products/denim-hammock,www.simplyhammocks.co.uk,denim hammock,collections/new,hammock,['denim'],
611,https://www.solidoakfurniture.co.uk/products/beds.html,www.solidoakfurniture.co.uk,beds.html,,bed,[],
612,https://tiffanyjayne.co.uk/products/small-hooks,tiffanyjayne.co.uk,small hooks,,hooks,['small'],
613,https://www.whytesofcrossgar.co.uk/products/otto-accent-chair,www.whytesofcrossgar.co.uk,otto accent chair,,accent chair,[],otto
614,https://glenwoodfurnishings.co.uk/collections/dining-room/products/cambridge-dining-set,glenwoodfurnishings.co.uk,cambridge dining set,collections/dining room/,dining set,[],cambridge
615,https://furniturebylauren.co.uk/products/mayfair-bedroom/,furniturebylauren.co.uk,mayfair bedroom/,,bedroom,[],mayfair
616,https://thefurniture-house.co.uk/products/new-grey-recliner-sofa,thefurniture-house.co.uk,new grey recliner sofa,,recliner sofa,['grey'],new
617,https://lloydloom-uk.co.uk/products/ellwood,lloydloom-uk.co.uk,ellwood,,,[],ellwood
618,https://www.dillamores.co.uk/products/claremont-two-seater-sherborne/,www.dillamores.co.uk,claremont two seater sherborne/,,two seater,[],claremont sherborne
619,https://www.royalcraft.co.uk/products/ascot-shed-2,www.royalcraft.co.uk,ascot shed 2,,shed,['2'],ascot
620,https://www.fireandco.co.uk/products/fire,www.fireandco.co.uk,fire,,,[],
621,https://www.askewsfurniture.co.uk/products/disposal-of-old-mattress,www.askewsfurniture.co.uk,disposal of old mattress,,,[],
622,https://www.theattikstannes.co.uk/products/stunning-mid-century-vintage-teak-portwood-sideboard-credenza-1205,www.theattikstannes.co.uk,stunning mid century vintage teak portwood sideboard credenza 1205,,sideboard credenza,"['stunning', 'mid century', 'vintage', 'teak', 'portwood']",1205
623,http://andywilx.co.uk/collections/cushions/products/dreaming-cushion,andywilx.co.uk,dreaming cushion,collections/cushions/,cushion,[],dreaming
624,https://www.bridgnorthfurniture.co.uk/products/verona-chair,www.bridgnorthfurniture.co.uk,verona chair,,chair,[],verona
625,https://britishhomeinteriors.co.uk/products/mirrored-fireplace,britishhomeinteriors.co.uk,mirrored fireplace,,fireplace,['mirrored'],
626,http://davidmoura.co.uk/products/eight-light-antler-chandelier,davidmoura.co.uk,eight light antler chandelier,,chandelier,"['eight light', 'antler']",
627,https://www.theurbaneditions.com/products/marston-wide-desk-on-minimalist-square-legs,www.theurbaneditions.com,marston wide desk on minimalist square legs,,desk,"['wide', 'minimalist square legs']",marston
628,http://furniture4lettings.co.uk/../products/sofas/,furniture4lettings.co.uk,sofas/,../,sofa,[],
629,https://furnituredirectonline.co.uk/products/page/2/,furnituredirectonline.co.uk,page/2/,,,[],
630,https://furniturevilla.co.uk/products/living-room-furniture/desk,furniturevilla.co.uk,living room furniture/desk,,desk,['living room'],
631,https://www.grandadsshedbrigg.co.uk/products/living/east-indies-living/,www.grandadsshedbrigg.co.uk,living/east indies living/,,,['living'],east indies living
632,https://hanchicsfurniture.co.uk/products/stag-f-b-sideboard,hanchicsfurniture.co.uk,stag f b sideboard,,sideboard,['f b'],stag
633,http://imaginexfurniture.uk/collections/sarah/products/sarah-grey-birch-italian-coffee-table,imaginexfurniture.uk,sarah grey birch italian coffee table,collections/sarah/,coffee table,"['grey birch', 'italian']",sarah
634,https://limesinteriors.co.uk/collections/popular-items/products/abree-lamp,limesinteriors.co.uk,abree lamp,collections/popular items/,lamp,[],abree
635,http://m-edition.co.uk/products/ch103-sofa,m-edition.co.uk,ch103 sofa,,sofa,[],ch103
636,http://macquillanhome.co.uk/products/dressing-table-and-mirror-mqfn187.html,macquillanhome.co.uk,dressing table and mirror mqfn187.html,,"['dressing table', 'mirror']",[],mqfn187
637,https://www.nabisottomanfurniture.co.uk/products/chesterfield-diamante-bed-frame,www.nabisottomanfurniture.co.uk,chesterfield diamante bed frame,,bed frame,"['chesterfield', 'diamante']",
638,https://paulcaseboutique.co.uk/products/spyder-dining-chair,paulcaseboutique.co.uk,spyder dining chair,,dining chair,[],spyder
639,https://www.poppiesfurnituredirect.co.uk/apps/webstore/products/show/5373703,www.poppiesfurnituredirect.co.uk,show/5373703,apps/webstore/,,[],
640,https://www.reckageathome.co.uk/products/re014,www.reckageathome.co.uk,re014,,,[],
641,https://rotherwoodfurniture.com/products/silverton-135cm-bedstead,rotherwoodfurniture.com,silverton 135cm bedstead,,bedstead,['135cm'],silverton
642,https://www.search4furniture.com/products/ritz-bed,www.search4furniture.com,ritz bed,,bed,[],ritz
643,https://shop4sofas.co.uk/products/rye,shop4sofas.co.uk,rye,,,[],
644,https://www.simplyhomeinteriors.co.uk/products/wiemann-luxor,www.simplyhomeinteriors.co.uk,wiemann luxor,,,[],wiemann luxor
645,http://www.sjdfurniture.co.uk/products/,www.sjdfurniture.co.uk,,,,[],
646,https://thedorsetfurniturecompany.co.uk/products/arctic-white-high-gloss-150cm-shelf,thedorsetfurniturecompany.co.uk,arctic white high gloss 150cm shelf,,shelf,"['arctic white', 'high gloss', '150cm']",
647,http://thefurnitureshopblackhall.co.uk/products/,thefurnitureshopblackhall.co.uk,,,,[],
648,https://www.tobychairs.com/products/toby-table-oak,www.tobychairs.com,toby table oak,,table,['oak'],toby
649,https://www.littletulip.com/products/set-200-marble-6,www.littletulip.com,set 200 marble 6,,set,"['200', 'marble 6']",
650,https://uniquehomefurnishing.co.uk/products/hzh330,uniquehomefurnishing.co.uk,hzh330,,,[],
651,https://urbansize.co.uk/products/hallway-tidy,urbansize.co.uk,hallway tidy,,hallway tidy,[],
652,https://www.modernfurnituredeals.co.uk/products/ovo,www.modernfurnituredeals.co.uk,ovo,,,[],
653,https://www.abowed.co.uk/products/oak-four-poster-bed,www.abowed.co.uk,oak four poster bed,,four poster bed,['oak'],
654,https://www.peterboroughreclinercentre.co.uk/products/reno-chair-with-footstool,www.peterboroughreclinercentre.co.uk,reno chair with footstool,,chair,['footstool'],reno
655,https://outletbarn.co.uk/collections/corner-sofas/products/ellena-recliner-corner-group-brown-only-limited-stock,outletbarn.co.uk,ellena recliner corner group brown only limited stock,collections/corner sofas/,recliner corner group,"['brown', 'limited stock']",ellena
656,https://www.oaktreeupholstery.co.uk/products/double-headboard-b-fabric,www.oaktreeupholstery.co.uk,double headboard b fabric,,headboard,"['double', 'b fabric']",
657,https://www.rightprice.co.uk/collections/all/products/alexis,www.rightprice.co.uk,alexis,collections/all/,,[],
658,https://www.sheridaninteriors.co.uk/products/celine-fabric-bed,www.sheridaninteriors.co.uk,celine fabric bed,,bed,['fabric'],celine
659,https://www.chattelsfurniture.co.uk/products/bedside-table-two-drawers,www.chattelsfurniture.co.uk,bedside table two drawers,,bedside table,['two drawers'],
660,https://www.maisonandgarden.co.uk/products/28cm-solar-ball,www.maisonandgarden.co.uk,28cm solar ball,,,"['28cm', 'solar ball']",
661,https://igigishop.co.uk/products/cotton-rug,igigishop.co.uk,cotton rug,,rug,['cotton'],
662,https://divine-interiors.co.uk/products/sofa-deposit,divine-interiors.co.uk,sofa deposit,,sofa,[],
663,https://shackletonsretail.co.uk/products/,shackletonsretail.co.uk,,,,[],
664,https://auburnfox.co.uk/products/iron-and-leather-adjustable-stool,auburnfox.co.uk,iron and leather adjustable stool,,stool,"['iron', 'leather', 'adjustable']",
665,https://www.decoframe.co.uk/products/,www.decoframe.co.uk,,,,[],
666,https://snugathome.co.uk/products/eiffel-dining-chair,snugathome.co.uk,eiffel dining chair,,dining chair,[],eiffel
667,https://ashtonandcoleman.co.uk/products/tables/lamp-table,ashtonandcoleman.co.uk,tables/lamp table,,lamp table,[],
668,https://rusticland.co.uk/products/industrial-2x-handmade-x-dining-table-bench-frame-steel-large-table-pedestal-legs,rusticland.co.uk,industrial 2x handmade x dining table bench frame steel large table pedestal legs,,dining table,"['2x', 'handmade', 'steel', 'large', 'table pedestal legs']",industrial
669,https://www.quaysideinteriors.co.uk/products/alexandra-bed-king,www.quaysideinteriors.co.uk,alexandra bed king,,bed,['king'],alexandra
670,https://alidasa.co.uk/products/terra-6-3-drawer-pine-white,alidasa.co.uk,terra 6 3 drawer pine white,,drawer,"['6', 'pine', 'white']",terra
671,https://www.lovettandjudge.co.uk/products/worker-bee-picture,www.lovettandjudge.co.uk,worker bee picture,,,[],
672,https://www.toplinestore.co.uk/products/valawhi/products/valawhi&title=Vala%20High%20Gloss%20Coffee%20Tabl...&source=http://www.toplinestore.co.uk/products/valawhi,www.toplinestore.co.uk,valawhi valawhi Vala 20High 20Gloss 20Coffee 20Tabl, ,coffee table,['high gloss'],valawhi valawhi Vala
673,https://chelseafurnishings.co.uk/products/ashton-range,chelseafurnishings.co.uk,ashton range,,,[],ashton range
674,https://windsorbedding.co.uk/products/,windsorbedding.co.uk,,,,[],
675,https://www.arfurnishings.co.uk/products/kyoto-quilted-knockerback-chair,www.arfurnishings.co.uk,kyoto quilted knockerback chair,,knockerback chair,['quilted'],kyoto
676,https://www.dezilux.co.uk/products/aliya-french-style-console-table,www.dezilux.co.uk,aliya french style console table,,console table,['french style'],aliya
677,https://www.harperandfaith.co.uk/products/jupiter-bed,www.harperandfaith.co.uk,jupiter bed,,bed,[],jupiter
678,https://elegancehomefurniture.co.uk/products/dylan-crushed-velvet-swivel-cuddle-chair,elegancehomefurniture.co.uk,dylan crushed velvet swivel cuddle chair,,swivel cuddle chair,['crushed velvet'],dylan
679,https://www.homeaffections.co.uk/products/wide-display-cabinet-540005-bonoca,www.homeaffections.co.uk,wide display cabinet 540005 bonoca,,display cabinet,['wide'],540005 bonoca
680,https://hemmingandwills.co.uk/products/arne-desk,hemmingandwills.co.uk,arne desk,,desk,[],arne
681,https://jopa-interiors.co.uk/products/black-weave-cushion-with-tag,jopa-interiors.co.uk,black weave cushion with tag,,cushion,"['black weave', 'tag']",
682,https://airfurniture.co.uk/products/zues-pu-storage-bed,airfurniture.co.uk,zues pu storage bed,,storage bed,['pu'],zues
683,https://derwenthouseliving.co.uk/products/,derwenthouseliving.co.uk,,,,[],
684,https://www.furlon.co.uk/products/194,www.furlon.co.uk,194,,,[],
685,https://rustic-furniture.co.uk/products/curved-open-bedside,rustic-furniture.co.uk,curved open bedside,,bedside,"['curved', 'open']",
686,https://www.skhomedecor.co.uk/products/page/2/,www.skhomedecor.co.uk,page/2/,,,[],
687,https://www.onlydiningchairs.com.au/products/wooden-velvet-retro-grey-dining-chair,www.onlydiningchairs.com.au,wooden velvet retro grey dining chair,,dining chair,"['wooden', 'velvet', 'retro', 'grey']",
688,https://www.myharmony.hk/products/woody-slab-table,www.myharmony.hk,woody slab table,,slab table,['woody'],
689,https://afg.us.com/products/ashley-baraga-h410-24,afg.us.com,ashley baraga h410 24,,baraga,['h410 24'],ashley
690,https://www.collectioni.com/products/noahs-ark-lounge-swivel-chair,www.collectioni.com,noahs ark lounge swivel chair,,lounge swivel chair,[],noahs ark
691,https://noho.co/products/noho-move-chair-topper,noho.co,noho move chair topper,,chair,['topper'],noho move
692,https://odafurniture.com/products/,odafurniture.com,,,,[],
693,https://savannahspace.com/products/bo-woven-rug,savannahspace.com,bo woven rug,,rug,['woven'],bo
694,https://squarehome.com/products/,squarehome.com,,,,[],
695,https://www.sundays-company.com/collections/new-arrivals/products/sink-in-sofa-ecru,www.sundays-company.com,sink in sofa ecru,collections/new arrivals/,sofa,"['sink', 'ecru']",
696,https://thebeachfurniture.com.au/products/gift-card,thebeachfurniture.com.au,gift card,,,[],
697,https://thedesigndepot.co.nz/products/,thedesigndepot.co.nz,,,,[],
698,https://superdealfurnituregallery.com/products/tristan-5-piece-kitchen-set,superdealfurnituregallery.com,tristan 5 piece kitchen set,,kitchen set,['5 piece'],tristan
699,https://signaturefinefurniture.ca/products/jacobson-bed,signaturefinefurniture.ca,jacobson bed,,bed,[],jacobson
700,http://aonefurniture.in/userdata/products/no%20value,aonefurniture.in,no 20value,userdata/,,[],
701,https://furnituremama.com/products/three-door-wardrobe-mirror-2,furnituremama.com,three door wardrobe mirror 2,,wardrobe,"['three door', 'mirror 2']",
702,https://gfurniture.ca/products/,gfurniture.ca,,,,[],
703,https://www.mwfurnitureoutlet.com/products/dresser,www.mwfurnitureoutlet.com,dresser,,dresser,[],
